Date,Metric,Claude 3 Haiku,Claude 3.5 Haiku,Claude 3.5 Sonnet (Oct '24),Claude 3.7 Sonnet (Non-reasoning),Claude 3.7 Sonnet (Reasoning),Claude 4 Opus (Non-reasoning),Claude 4 Opus (Reasoning),Claude 4 Sonnet (Non-reasoning),Claude 4 Sonnet (Reasoning),Claude 4.1 Opus (Non-reasoning),Claude 4.1 Opus (Reasoning),Claude 4.5 Haiku (Non-reasoning),Claude 4.5 Haiku (Reasoning),Claude 4.5 Sonnet (Non-reasoning),Claude 4.5 Sonnet (Reasoning),Claude Opus 4.5 (Non-reasoning),Claude Opus 4.5 (Reasoning),Claude Opus 4.6 (Adaptive Reasoning),"Claude Opus 4.6 (Adaptive Reasoning, Max Effort)",Claude Opus 4.6 (Non-reasoning),"Claude Opus 4.6 (Non-reasoning, High Effort)","Claude Sonnet 4.6 (Adaptive Reasoning, Max Effort)","Claude Sonnet 4.6 (Non-reasoning, High Effort)","Claude Sonnet 4.6 (Non-reasoning, Low Effort)",Command A,DeepSeek R1 (Jan '25),DeepSeek R1 0528 (May '25),DeepSeek R1 Distill Llama 70B,DeepSeek R1 Distill Qwen 32B,DeepSeek V3 (Dec '24),DeepSeek V3 0324,DeepSeek V3.1 (Non-reasoning),DeepSeek V3.1 (Reasoning),DeepSeek V3.1 Terminus (Non-reasoning),DeepSeek V3.1 Terminus (Reasoning),DeepSeek V3.2 (Non-reasoning),DeepSeek V3.2 (Reasoning),DeepSeek V3.2 Exp (Non-reasoning),DeepSeek V3.2 Exp (Reasoning),DeepSeek V3.2 Speciale,Devstral 2,Devstral Medium,Devstral Small (Jul '25),Devstral Small 2,ERNIE 4.5 300B A47B,GLM-4.5 (Reasoning),GLM-4.5-Air,GLM-4.5V (Non-reasoning),GLM-4.5V (Reasoning),GLM-4.6 (Non-reasoning),GLM-4.6 (Reasoning),GLM-4.6V (Non-reasoning),GLM-4.6V (Reasoning),GLM-4.7 (Non-reasoning),GLM-4.7 (Reasoning),GLM-4.7-Flash (Non-reasoning),GLM-4.7-Flash (Reasoning),GLM-5 (Non-reasoning),GLM-5 (Reasoning),GPT-3.5 Turbo,GPT-3.5 Turbo (0613),GPT-4,GPT-4 Turbo,GPT-4.1,GPT-4.1 mini,GPT-4.1 nano,GPT-4o (Aug '24),GPT-4o (May '24),GPT-4o (Nov '24),GPT-4o mini,GPT-5 (ChatGPT),GPT-5 (high),GPT-5 (low),GPT-5 (medium),GPT-5 (minimal),GPT-5 Codex (high),GPT-5 mini (high),GPT-5 mini (medium),GPT-5 mini (minimal),GPT-5 nano (high),GPT-5 nano (medium),GPT-5 nano (minimal),GPT-5.1 (Non-reasoning),GPT-5.1 (high),GPT-5.1 Codex (high),GPT-5.1 Codex mini (high),GPT-5.2 (Non-reasoning),GPT-5.2 (medium),GPT-5.2 (xhigh),GPT-5.2 Codex (xhigh),GPT-5.3 Codex (xhigh),Gemini 2.0 Flash (Feb '25),Gemini 2.0 Flash-Lite (Feb '25),Gemini 2.5 Flash-Lite (Non-reasoning),Gemini 2.5 Flash-Lite (Reasoning),Gemini 2.5 Flash-Lite Preview (Sep '25) (Non-reasoning),Gemini 2.5 Flash-Lite Preview (Sep '25) (Reasoning),Gemini 2.5 Pro,Gemini 3 Flash Preview (Non-reasoning),Gemini 3 Flash Preview (Reasoning),Gemini 3 Pro Preview (high),Gemini 3 Pro Preview (low),Gemini 3.1 Pro Preview,Gemma 3 12B Instruct,Gemma 3 27B Instruct,Gemma 3 4B Instruct,Gemma 3n E4B Instruct,Gemma 3n E4B Instruct Preview (May '25),Granite 4.0 Micro,Grok 3,Grok 3 Reasoning Beta,Grok 3 mini Reasoning (high),Grok 4,Grok 4 Fast (Non-reasoning),Grok 4 Fast (Reasoning),Grok 4.1 Fast (Non-reasoning),Grok 4.1 Fast (Reasoning),Grok Code Fast 1,Hermes 3 - Llama-3.1 70B,Hermes 4 - Llama-3.1 405B (Non-reasoning),Hermes 4 - Llama-3.1 70B (Non-reasoning),INTELLECT-3,Jamba 1.7 Large,KAT-Coder-Pro V1,Kimi K2,Kimi K2 0905,Kimi K2 Thinking,Kimi K2.5 (Non-reasoning),Kimi K2.5 (Reasoning),LFM2 2.6B,LFM2 24B A2B,LFM2 8B A1B,LFM2.5-1.2B-Instruct,LFM2.5-1.2B-Thinking,Llama 3 Instruct 70B,Llama 3 Instruct 8B,Llama 3.1 Instruct 405B,Llama 3.1 Instruct 70B,Llama 3.1 Instruct 8B,Llama 3.1 Nemotron Instruct 70B,Llama 3.2 Instruct 11B (Vision),Llama 3.2 Instruct 1B,Llama 3.2 Instruct 3B,Llama 3.3 Instruct 70B,Llama 4 Maverick,Llama 4 Scout,Llama Nemotron Super 49B v1.5 (Non-reasoning),Llama Nemotron Super 49B v1.5 (Reasoning),MiMo-V2-Flash (Feb 2026),MiMo-V2-Flash (Non-reasoning),MiMo-V2-Flash (Reasoning),MiniMax M1 40k,MiniMax M1 80k,MiniMax-M2,MiniMax-M2.1,MiniMax-M2.5,Ministral 3 14B,Ministral 3 3B,Ministral 3 8B,Mistral 7B Instruct,Mistral Large (Feb '24),Mistral Large 2 (Jul '24),Mistral Large 2 (Nov '24),Mistral Large 3,Mistral Medium 3,Mistral Medium 3.1,Mistral Saba,Mistral Small 3,Mistral Small 3.1,Mistral Small 3.2,Mixtral 8x22B Instruct,Mixtral 8x7B Instruct,Molmo2-8B,NVIDIA Nemotron 3 Nano 30B A3B (Non-reasoning),NVIDIA Nemotron 3 Nano 30B A3B (Reasoning),NVIDIA Nemotron Nano 12B v2 VL (Non-reasoning),NVIDIA Nemotron Nano 12B v2 VL (Reasoning),NVIDIA Nemotron Nano 9B V2 (Non-reasoning),NVIDIA Nemotron Nano 9B V2 (Reasoning),Nova 2.0 Lite (Non-reasoning),Nova 2.0 Lite (low),Nova 2.0 Lite (medium),Nova Lite,Nova Micro,Nova Premier,Nova Pro,OLMo 2 32B,Olmo 3 32B Think,Olmo 3 7B Instruct,Olmo 3 7B Think,Olmo 3.1 32B Instruct,Olmo 3.1 32B Think,Pixtral Large,QwQ 32B,Qwen2.5 Coder Instruct 32B,Qwen2.5 Coder Instruct 7B ,Qwen2.5 Instruct 72B,Qwen2.5 Max,Qwen2.5 Turbo,Qwen3 14B (Non-reasoning),Qwen3 14B (Reasoning),Qwen3 235B A22B (Non-reasoning),Qwen3 235B A22B (Reasoning),Qwen3 235B A22B 2507 (Reasoning),Qwen3 30B A3B (Non-reasoning),Qwen3 30B A3B (Reasoning),Qwen3 30B A3B 2507 (Reasoning),Qwen3 30B A3B 2507 Instruct,Qwen3 32B (Non-reasoning),Qwen3 32B (Reasoning),Qwen3 4B (Non-reasoning),Qwen3 4B (Reasoning),Qwen3 8B (Non-reasoning),Qwen3 8B (Reasoning),Qwen3 Coder 30B A3B Instruct,Qwen3 Coder 480B A35B Instruct,Qwen3 Coder Next,Qwen3 Max,Qwen3 Max (Preview),Qwen3 Max Thinking,Qwen3 Next 80B A3B (Reasoning),Qwen3 Next 80B A3B Instruct,Qwen3 VL 235B A22B (Reasoning),Qwen3 VL 235B A22B Instruct,Qwen3 VL 30B A3B (Reasoning),Qwen3 VL 30B A3B Instruct,Qwen3 VL 32B (Reasoning),Qwen3 VL 32B Instruct,Qwen3 VL 8B (Reasoning),Qwen3 VL 8B Instruct,Qwen3.5 122B A10B (Reasoning),Qwen3.5 27B (Reasoning),Qwen3.5 35B A3B (Reasoning),Qwen3.5 397B A17B (Non-reasoning),Qwen3.5 397B A17B (Reasoning),Sonar,Sonar Pro,Sonar Reasoning Pro,ai21/jamba-large-1.7,allenai/molmo-2-8b,allenai/olmo-2-0325-32b-instruct,allenai/olmo-3-32b-think,allenai/olmo-3-7b-instruct,allenai/olmo-3-7b-think,allenai/olmo-3.1-32b-instruct,allenai/olmo-3.1-32b-think,amazon/nova-2-lite-v1,amazon/nova-lite-v1,amazon/nova-micro-v1,amazon/nova-premier-v1,amazon/nova-pro-v1,anthropic/claude-3-haiku,anthropic/claude-3.5-haiku,anthropic/claude-3.5-sonnet,anthropic/claude-3.7-sonnet,anthropic/claude-haiku-4.5,anthropic/claude-opus-4,anthropic/claude-opus-4.1,anthropic/claude-opus-4.5,anthropic/claude-opus-4.6,anthropic/claude-sonnet-4,anthropic/claude-sonnet-4.5,anthropic/claude-sonnet-4.6,baidu/ernie-4.5-300b-a47b,cohere/command-a,deepseek/deepseek-chat,deepseek/deepseek-chat-v3-0324,deepseek/deepseek-chat-v3.1,deepseek/deepseek-r1,deepseek/deepseek-r1-0528,deepseek/deepseek-r1-distill-llama-70b,deepseek/deepseek-r1-distill-qwen-32b,deepseek/deepseek-v3.1-terminus,deepseek/deepseek-v3.2,deepseek/deepseek-v3.2-exp,deepseek/deepseek-v3.2-speciale,google/gemini-2.0-flash-001,google/gemini-2.0-flash-lite-001,google/gemini-2.5-flash-lite,google/gemini-2.5-flash-lite-preview-09-2025,google/gemini-2.5-pro-preview,google/gemini-3-flash-preview,google/gemini-3-pro-preview,google/gemini-3.1-pro-preview,google/gemma-3-12b-it,google/gemma-3-27b-it,google/gemma-3-4b-it,google/gemma-3n-e4b-it,google/gemma-3n-e4b-it:free,gpt-oss-120B (high),gpt-oss-120B (low),gpt-oss-20B (high),gpt-oss-20B (low),ibm-granite/granite-4.0-h-micro,kwaipilot/kat-coder-pro,liquid/lfm-2.2-6b,liquid/lfm-2.5-1.2b-instruct:free,liquid/lfm-2.5-1.2b-thinking:free,liquid/lfm2-8b-a1b,meta-llama/llama-3-70b-instruct,meta-llama/llama-3-8b-instruct,meta-llama/llama-3.1-405b-instruct,meta-llama/llama-3.1-70b-instruct,meta-llama/llama-3.1-8b-instruct,meta-llama/llama-3.2-11b-vision-instruct,meta-llama/llama-3.2-1b-instruct,meta-llama/llama-3.2-3b-instruct,meta-llama/llama-3.3-70b-instruct,meta-llama/llama-4-maverick,meta-llama/llama-4-scout,minimax/minimax-m1,minimax/minimax-m2,minimax/minimax-m2.1,minimax/minimax-m2.5,mistralai/devstral-2512,mistralai/devstral-medium,mistralai/devstral-small,mistralai/ministral-14b-2512,mistralai/ministral-3b-2512,mistralai/ministral-8b-2512,mistralai/mistral-7b-instruct,mistralai/mistral-large,mistralai/mistral-large-2407,mistralai/mistral-large-2512,mistralai/mistral-medium-3,mistralai/mistral-medium-3.1,mistralai/mistral-saba,mistralai/mistral-small-24b-instruct-2501,mistralai/mistral-small-3.1-24b-instruct,mistralai/mistral-small-3.2-24b-instruct,mistralai/mixtral-8x22b-instruct,mistralai/mixtral-8x7b-instruct,mistralai/pixtral-large-2411,moonshotai/kimi-k2,moonshotai/kimi-k2-0905,moonshotai/kimi-k2-thinking,moonshotai/kimi-k2.5,nousresearch/hermes-3-llama-3.1-405b,nousresearch/hermes-3-llama-3.1-70b,nvidia/llama-3.1-nemotron-70b-instruct,nvidia/llama-3.3-nemotron-super-49b-v1.5,nvidia/nemotron-3-nano-30b-a3b,nvidia/nemotron-nano-12b-v2-vl,nvidia/nemotron-nano-9b-v2,o1,o1-pro,o3,o3-mini,o3-mini (high),o3-pro,o4-mini (high),openai/gpt-3.5-turbo,openai/gpt-3.5-turbo-0613,openai/gpt-4,openai/gpt-4-turbo,openai/gpt-4.1,openai/gpt-4.1-mini,openai/gpt-4.1-nano,openai/gpt-4o-2024-05-13,openai/gpt-4o-2024-08-06,openai/gpt-4o-2024-11-20,openai/gpt-4o-mini,openai/gpt-5,openai/gpt-5-chat,openai/gpt-5-codex,openai/gpt-5-mini,openai/gpt-5-nano,openai/gpt-5.1,openai/gpt-5.1-codex,openai/gpt-5.1-codex-mini,openai/gpt-5.2,openai/gpt-oss-120b,openai/gpt-oss-20b,openai/o1,openai/o1-pro,openai/o3,openai/o3-mini,openai/o3-pro,openai/o4-mini,perplexity/sonar,perplexity/sonar-pro,perplexity/sonar-reasoning-pro,prime-intellect/intellect-3,qwen/qwen-2.5-72b-instruct,qwen/qwen-2.5-coder-32b-instruct,qwen/qwen-turbo,qwen/qwen2.5-coder-7b-instruct,qwen/qwen3-14b,qwen/qwen3-235b-a22b,qwen/qwen3-235b-a22b-thinking-2507,qwen/qwen3-30b-a3b,qwen/qwen3-30b-a3b-instruct-2507,qwen/qwen3-30b-a3b-thinking-2507,qwen/qwen3-32b,qwen/qwen3-4b:free,qwen/qwen3-8b,qwen/qwen3-coder,qwen/qwen3-coder-30b-a3b-instruct,qwen/qwen3-coder-next,qwen/qwen3-max,qwen/qwen3-max-thinking,qwen/qwen3-next-80b-a3b-instruct,qwen/qwen3-next-80b-a3b-thinking,qwen/qwen3-vl-235b-a22b-instruct,qwen/qwen3-vl-235b-a22b-thinking,qwen/qwen3-vl-30b-a3b-instruct,qwen/qwen3-vl-30b-a3b-thinking,qwen/qwen3-vl-32b-instruct,qwen/qwen3-vl-8b-instruct,qwen/qwen3-vl-8b-thinking,qwen/qwen3.5-122b-a10b,qwen/qwen3.5-27b,qwen/qwen3.5-35b-a3b,qwen/qwen3.5-397b-a17b,qwen/qwq-32b,x-ai/grok-3-beta,x-ai/grok-3-mini-beta,x-ai/grok-4,x-ai/grok-4-fast,x-ai/grok-4.1-fast,x-ai/grok-code-fast-1,xiaomi/mimo-v2-flash,z-ai/glm-4.5,z-ai/glm-4.5-air,z-ai/glm-4.5v,z-ai/glm-4.6,z-ai/glm-4.6v,z-ai/glm-4.7,z-ai/glm-4.7-flash,z-ai/glm-5
2026-02-26,aa_omniscience_accuracy,0.16,0.126,,0.27,0.268,,,0.214,0.21,,0.359,0.134,0.162,0.269,0.309,0.389,0.431,0.443,,0.438,,0.245,0.322,0.324,0.151,0.292,0.293,0.185,,0.241,0.232,0.223,0.281,0.226,0.272,0.228,0.322,0.221,0.27,0.367,0.198,0.182,0.14,0.15,0.178,0.239,0.15,0.173,0.201,0.203,0.255,0.167,0.152,0.229,0.284,0.124,0.153,0.219,0.252,,,,,0.261,0.187,0.128,0.209,,0.187,,,0.386,0.363,0.374,0.272,0.371,0.23,0.212,0.171,0.183,0.164,0.114,0.278,0.353,0.231,0.217,0.28,0.355,0.413,0.385,,0.221,,0.148,0.171,0.134,0.171,0.375,0.471,0.519,0.536,0.46,0.531,0.1,0.121,0.072,0.074,,0.087,0.274,,0.145,0.396,0.165,0.22,0.158,0.235,0.228,,0.249,0.178,0.184,0.002,0.185,0.258,0.24,0.292,0.222,0.327,0.05,,0.071,0.063,0.065,0.172,0.093,0.218,0.189,0.08,0.163,0.096,0.066,,0.178,0.235,0.143,0.115,0.161,0.192,0.163,0.263,,0.206,0.208,0.221,0.251,0.121,0.078,0.118,0.077,,,0.191,0.237,0.173,0.19,,,0.143,0.143,,,0.108,0.13,0.165,0.107,0.134,0.09,0.107,0.133,0.168,0.174,0.093,0.094,0.19,0.164,,0.14,0.07,0.102,0.112,0.142,,,,,0.169,,,0.124,0.141,0.173,0.177,0.221,0.111,0.153,0.155,0.143,,0.165,,,0.103,0.127,0.151,0.144,0.152,0.234,0.235,0.287,0.182,0.167,0.204,0.192,0.159,0.147,0.164,0.141,0.19,0.192,0.225,0.194,0.188,0.238,0.3,,,,,,,,,,,,,,,,,,,,,,,,,,,,,,,,,,,,,,,,,,,,,,,,,,,,,,,0.2,0.181,0.146,0.137,,,,,,,,,,,,,,,,,,,,,,,,,,,,,,,,,,,,,,,,,,,,,,,,,,,,0.331,,0.372,,0.202,,0.234,,,,,,,,,,,,,,,,,,,,,,,,,,,,,,,,,,,,,,,,,,,,,,,,,,,,,,,,,,,,,,,,,,,,,,,,,,,,,,,
2026-02-26,aa_omniscience_non_hallucination_rate,0.203,0.589,,0.48,0.611,,,0.595,0.711,,0.516,0.753,0.739,0.486,0.523,0.258,0.422,0.4,,0.243,,0.622,0.39,0.427,0.239,0.112,0.166,0.191,,0.108,0.148,0.153,0.184,0.132,0.26,0.075,0.181,0.087,0.194,0.115,0.156,0.377,0.234,0.131,0.335,0.305,0.079,0.103,0.167,0.329,0.069,0.336,0.511,0.077,0.096,0.057,0.107,0.554,0.655,,,,,0.077,0.084,0.178,0.461,,0.622,,,0.19,0.226,0.184,0.122,0.256,0.447,0.566,0.123,0.413,0.477,0.123,0.108,0.488,0.269,0.489,0.398,0.407,0.221,0.285,,0.147,,0.128,0.226,0.341,0.134,0.113,0.091,0.093,0.12,0.128,0.503,0.032,0.089,0.019,0.034,,0.046,0.138,,0.747,0.361,0.136,0.326,0.191,0.283,0.213,,0.206,0.174,0.133,0.0,0.338,0.246,0.31,0.256,0.513,0.357,0.369,,0.089,0.135,0.038,0.129,0.108,0.488,0.22,0.57,0.311,0.197,0.336,,0.108,0.124,0.213,0.337,0.243,0.519,0.272,0.075,,0.11,0.111,0.334,0.124,0.095,0.222,0.072,0.198,,,0.325,0.153,0.396,0.175,,,0.224,0.235,,,0.099,0.102,0.175,0.061,0.08,0.259,0.396,0.149,0.139,0.092,0.417,0.352,0.293,0.225,,0.137,0.085,0.063,0.274,0.375,,,,,0.152,,,0.079,0.249,0.134,0.232,0.104,0.11,0.2,0.138,0.054,,0.186,,,0.045,0.096,0.212,0.551,0.073,0.11,0.123,0.065,0.132,0.073,0.158,0.095,0.107,0.076,0.168,0.093,0.095,0.097,0.147,0.2,0.159,0.18,0.115,,,,,,,,,,,,,,,,,,,,,,,,,,,,,,,,,,,,,,,,,,,,,,,,,,,,,,,0.1,0.095,0.068,0.139,,,,,,,,,,,,,,,,,,,,,,,,,,,,,,,,,,,,,,,,,,,,,,,,,,,,0.313,,0.133,,0.193,,0.21,,,,,,,,,,,,,,,,,,,,,,,,,,,,,,,,,,,,,,,,,,,,,,,,,,,,,,,,,,,,,,,,,,,,,,,,,,,,,,,
2026-02-26,artificial_analysis_agentic_index,7.0,17.7,,35.7,37.0,,,39.2,43.0,,,32.6,40.2,50.6,51.7,59.2,59.6,68.1,,64.2,,63.0,61.6,57.5,5.1,3.8,20.8,,,8.8,16.3,31.9,18.9,28.6,29.8,39.8,52.9,31.0,28.7,,21.9,15.8,14.3,20.8,0.0,16.2,21.0,9.2,10.9,42.9,41.6,18.7,17.5,54.3,55.0,41.4,46.0,60.3,63.1,,,,,27.3,25.1,5.8,9.7,,8.4,,,54.6,49.7,45.8,22.9,52.7,45.5,40.9,13.4,23.3,16.8,8.6,32.2,51.3,50.7,38.7,39.5,54.9,60.2,56.5,,15.8,,6.3,6.1,10.1,11.7,32.7,35.0,49.7,52.0,45.0,59.1,3.6,3.5,1.7,1.7,,4.2,24.6,,31.1,41.5,31.9,39.5,33.0,49.3,35.6,,11.8,10.0,19.8,4.5,41.7,24.3,37.7,47.9,52.8,58.9,4.5,,3.5,3.6,6.5,0.0,0.0,6.3,5.1,5.5,7.7,4.9,0.0,,9.1,7.2,5.2,8.4,9.4,48.8,47.3,52.1,,29.1,47.5,47.4,55.6,17.4,11.4,16.7,,,,10.2,21.7,13.7,25.3,,,8.4,9.8,,,,8.5,19.1,6.4,7.1,7.8,9.4,21.1,27.8,32.9,5.8,4.7,16.4,4.7,,0.0,4.2,0.0,7.1,0.0,,,,,,,,13.6,14.4,19.2,18.4,29.7,7.4,12.1,17.7,7.1,,13.4,,,11.6,12.6,21.1,18.3,42.1,43.0,23.3,50.1,23.6,14.2,27.0,19.1,14.9,9.5,23.4,9.8,15.6,18.4,53.0,54.6,44.1,53.3,55.8,,,,,,,,,,,,,,,,,,,,,,,,,,,,,,,,,,,,,,,,,,,,,,,,,,,,,,,37.9,28.0,27.6,21.9,,,,,,,,,,,,,,,,,,,,,,,,,,,,,,,,,,,,,,,,,,,,,,,,,,,,31.1,,36.1,,20.9,,36.1,,,,,,,,,,,,,,,,,,,,,,,,,,,,,,,,,,,,,,,,,,,,,,,,,,,,,,,,,,,,,,,,,,,,,,,,,,,,,,,
2026-02-26,artificial_analysis_coding_index,6.7,10.7,30.2,26.7,27.6,,34.0,30.6,34.1,,36.5,29.6,32.6,33.5,38.6,42.9,47.8,48.1,,47.6,,50.9,46.4,43.0,9.9,15.9,24.0,11.4,,16.4,22.0,28.4,29.7,31.9,33.7,34.6,36.7,30.0,33.3,37.9,23.7,15.9,12.1,20.7,14.5,26.3,23.8,10.8,10.9,30.2,29.5,11.1,19.7,32.0,36.3,11.0,25.9,39.0,44.2,10.7,,13.1,21.5,21.8,18.5,11.2,16.6,24.2,16.7,,21.2,36.0,30.7,39.0,25.1,38.9,35.3,32.9,21.9,20.3,22.9,14.2,27.3,44.7,36.6,36.4,34.7,44.2,48.7,43.0,,13.6,,7.4,9.5,14.5,18.1,31.9,37.8,42.6,46.5,39.4,55.5,6.3,9.6,2.9,4.2,,5.0,19.8,,25.2,40.5,19.0,27.4,19.5,30.9,23.7,,18.1,9.2,19.1,7.8,18.3,22.1,25.9,34.8,25.8,39.5,1.4,,2.3,0.8,1.4,6.8,4.0,14.5,10.9,4.9,10.8,4.3,0.6,,10.7,15.6,6.7,10.5,15.2,33.5,25.8,31.8,14.1,14.5,29.2,32.8,37.4,10.9,4.8,10.0,,,,13.8,22.7,13.6,18.3,,,13.9,13.3,,,4.4,15.8,19.0,5.9,11.8,7.5,8.3,12.5,13.6,23.9,5.1,4.1,13.8,11.0,2.7,10.5,3.4,7.6,5.6,9.8,,,,,11.9,,,12.4,13.1,14.0,17.4,23.2,13.3,11.0,14.7,14.2,,13.8,,,7.1,9.0,19.4,24.6,22.9,26.4,25.5,30.5,19.5,15.3,20.9,16.5,13.1,14.3,14.5,15.6,9.8,7.3,34.7,34.9,30.3,37.4,41.3,,,,,,,,,,,,,,,,,,,,,,,,,,,,,,,,,,,,,,,,,,,,,,,,,,,,,,,28.6,15.5,18.5,14.4,,,,,,,,,,,,,,,,,,,,,,,,,,,,,,,,,,,,,,,,,,,,,,,,,,,,20.5,,38.4,17.9,17.3,,25.6,,,,,,,,,,,,,,,,,,,,,,,,,,,,,,,,,,,,,,,,,,,,,,,,,,,,,,,,,,,,,,,,,,,,,,,,,,,,,,,
2026-02-26,artificial_analysis_intelligence_index,12.1,18.7,,30.8,34.6,,,33.0,38.6,,,31.0,37.0,37.1,42.9,43.0,49.7,53.0,,46.4,,51.3,44.3,42.5,13.4,18.8,27.0,,,16.4,21.8,28.0,27.6,28.4,33.8,32.1,41.6,28.3,32.9,,22.0,18.6,15.2,19.3,14.9,26.2,23.2,12.5,14.9,30.1,32.5,17.1,23.5,34.1,42.0,21.5,30.1,40.5,49.6,,,,,25.6,22.4,12.9,18.8,,17.3,,,44.6,39.0,41.8,23.7,44.5,41.0,38.8,20.7,26.7,25.7,13.7,27.4,47.6,42.2,38.5,33.5,46.6,51.2,49.0,,18.5,,12.5,17.4,19.4,21.6,34.5,35.1,46.4,48.4,41.1,57.0,8.8,10.2,6.3,6.3,,7.7,25.0,,32.0,41.4,22.6,34.9,23.5,38.5,28.7,,17.6,12.4,22.1,9.3,36.1,26.2,30.8,40.7,37.2,46.7,7.9,,6.8,8.0,8.1,8.8,6.3,14.2,12.2,11.7,13.4,8.8,6.3,,14.2,18.3,13.5,14.5,18.6,41.4,30.6,39.2,,24.3,36.0,39.5,42.0,16.0,11.2,14.6,,,,15.1,22.7,18.7,21.1,,,14.4,15.0,,,,13.3,24.3,10.1,14.8,13.1,14.8,17.9,24.2,29.6,12.4,10.3,18.9,13.5,,12.0,8.1,9.5,12.0,14.2,,,,,,,,12.7,16.2,16.9,19.8,29.5,12.4,15.3,22.4,15.0,,16.5,,,10.6,13.1,20.0,24.6,28.1,31.3,25.9,39.7,26.5,20.1,27.5,20.6,19.6,16.0,24.5,17.2,16.6,14.3,41.5,42.0,37.0,39.9,45.0,,,,,,,,,,,,,,,,,,,,,,,,,,,,,,,,,,,,,,,,,,,,,,,,,,,,,,,33.3,23.9,24.5,20.8,,,,,,,,,,,,,,,,,,,,,,,,,,,,,,,,,,,,,,,,,,,,,,,,,,,,30.7,,38.3,,25.1,,33.0,,,,,,,,,,,,,,,,,,,,,,,,,,,,,,,,,,,,,,,,,,,,,,,,,,,,,,,,,,,,,,,,,,,,,,,,,,,,,,,
2026-02-26,critpt,0.0,0.0,,0.0,0.009,,,0.011,0.003,,0.0,0.0,0.0,0.0,0.011,0.003,0.046,0.126,,0.028,,0.031,0.009,0.009,0.0,0.006,0.014,0.0,,0.0,0.0,0.0,0.02,0.0,0.017,0.009,0.029,0.014,0.014,0.074,0.0,0.0,0.0,0.0,0.0,0.0,0.0,0.0,0.0,0.0,0.011,0.0,0.0,0.0,0.017,0.0,0.003,0.0,0.02,,,,,0.0,0.0,0.0,0.0,,0.0,,,0.057,0.011,0.0,0.0,0.051,0.0,0.014,0.0,0.0,0.0,0.0,0.0,0.049,0.057,0.0,0.006,0.079,0.116,0.087,,0.0,,0.0,0.0,0.0,0.0,0.026,0.014,0.086,0.091,0.0,0.177,0.0,0.0,0.0,0.0,,0.0,0.0,,0.006,0.02,0.0,0.029,0.0,0.029,0.0,,0.0,0.0,0.003,0.0,0.0,0.0,0.0,0.026,0.006,0.031,0.0,,0.0,0.0,0.0,0.0,0.0,0.0,0.0,0.0,0.0,0.0,0.0,,0.0,0.0,0.0,0.0,0.0,0.029,0.0,0.043,,0.0,0.009,0.003,0.011,0.0,0.0,0.0,0.0,,,0.0,0.0,0.0,0.0,,,0.0,0.0,,,0.0,0.0,0.009,0.0,0.0,0.0,0.0,0.0,0.0,0.0,0.0,0.0,0.0,0.0,,0.0,0.0,0.0,0.0,0.0,,,,,0.0,,,0.0,0.0,0.0,0.0,0.0,0.0,0.0,0.003,0.0,,0.003,,,0.0,0.0,0.0,0.0,0.0,0.0,0.009,0.017,0.0,0.0,0.0,0.0,0.0,0.0,0.0,0.0,0.003,0.0,0.006,0.009,0.009,0.009,0.017,,,,,,,,,,,,,,,,,,,,,,,,,,,,,,,,,,,,,,,,,,,,,,,,,,,,,,,0.011,0.0,0.014,0.0,,,,,,,,,,,,,,,,,,,,,,,,,,,,,,,,,,,,,,,,,,,,,,,,,,,,0.003,,0.011,,0.003,,0.006,,,,,,,,,,,,,,,,,,,,,,,,,,,,,,,,,,,,,,,,,,,,,,,,,,,,,,,,,,,,,,,,,,,,,,,,,,,,,,,
2026-02-26,gdpval_aa,0.0,0.128,,0.282,0.282,,,0.333,0.326,,,0.331,0.359,0.41,0.388,0.458,0.45,0.553,,0.539,,0.566,0.527,0.466,0.0,0.0,0.105,,,0.0,0.0,0.304,0.065,0.247,0.262,0.195,0.347,0.3,0.261,0.0,0.199,0.116,0.053,0.181,,0.001,0.055,0.005,0.03,0.249,0.271,0.114,0.074,0.346,0.352,0.167,0.184,0.417,0.456,,,,,0.154,0.082,0.0,0.0,,0.0,,,0.398,0.324,0.255,0.0,0.36,0.344,0.259,0.01,0.148,0.072,0.0,0.25,0.367,0.343,0.268,0.362,0.453,0.481,0.396,,0.059,,0.0,0.0,0.0,0.001,0.213,0.313,0.346,0.351,0.34,0.405,0.0,0.0,0.0,0.0,,0.0,0.101,,0.0,0.243,0.151,0.262,0.159,0.273,0.137,,0.028,0.038,0.149,0.0,0.17,0.033,0.193,0.254,0.393,0.389,0.0,,0.0,0.0,0.0,,,0.0,0.0,0.0,0.0,,,,0.0,0.0,0.0,0.0,0.0,0.266,0.291,0.306,,0.263,0.275,0.29,0.352,0.098,0.021,0.095,,,,0.0,0.194,0.07,0.161,,,0.0,0.0,,,0.0,0.0,0.055,0.0,0.0,0.0,0.001,0.0,0.023,0.091,0.0,0.0,0.027,0.0,,,0.0,,0.0,,,,,,,,,0.011,0.013,0.139,0.14,0.171,0.0,0.023,0.105,0.028,,0.022,,,0.015,0.025,0.129,0.024,0.222,0.277,0.172,0.324,0.131,0.08,0.122,0.088,0.103,0.019,0.102,0.0,0.101,0.11,0.323,0.35,0.213,0.379,0.353,,,,,,,,,,,,,,,,,,,,,,,,,,,,,,,,,,,,,,,,,,,,,,,,,,,,,,,0.233,0.182,0.096,0.051,,,,,,,,,,,,,,,,,,,,,,,,,,,,,,,,,,,,,,,,,,,,,,,,,,,,0.133,,0.123,,0.138,,0.257,,,,,,,,,,,,,,,,,,,,,,,,,,,,,,,,,,,,,,,,,,,,,,,,,,,,,,,,,,,,,,,,,,,,,,,,,,,,,,,
2026-02-26,gpqa,0.374,0.408,0.599,0.656,0.772,0.701,0.796,0.683,0.777,,0.809,0.646,0.672,0.727,0.834,0.81,0.866,0.896,,0.84,,0.875,0.799,0.797,0.527,0.708,0.813,0.402,0.615,0.557,0.655,0.735,0.779,0.751,0.792,0.751,0.84,0.738,0.797,0.871,0.594,0.492,0.414,0.532,0.811,0.782,0.733,0.573,0.684,0.632,0.78,0.566,0.719,0.664,0.859,0.452,0.581,0.666,0.82,0.297,,,,0.666,0.664,0.512,0.521,0.526,0.543,0.426,0.686,0.854,0.808,0.842,0.673,0.837,0.828,0.803,0.687,0.676,0.67,0.428,0.643,0.873,0.86,0.813,0.712,0.864,0.903,0.899,,0.623,0.535,0.474,0.625,0.651,0.709,0.844,0.812,0.898,0.908,0.887,0.941,0.349,0.428,0.291,0.296,0.278,0.336,0.693,,0.791,0.877,0.606,0.847,0.637,0.853,0.727,0.401,0.536,0.491,0.761,0.39,0.764,0.766,0.767,0.838,0.789,0.879,0.306,,0.344,0.326,0.339,0.379,0.296,0.515,0.409,0.259,0.465,0.221,0.196,0.255,0.498,0.671,0.587,0.481,0.748,0.835,0.656,0.846,0.682,0.697,0.777,0.83,0.848,0.572,0.358,0.471,0.177,0.351,0.472,0.486,0.68,0.578,0.588,0.424,0.462,0.454,0.505,0.332,0.292,0.425,0.399,0.757,0.439,0.572,0.557,0.57,0.603,0.698,0.768,0.433,0.358,0.569,0.499,0.328,0.61,0.4,0.516,0.539,0.591,0.505,0.593,0.417,0.339,0.491,0.587,0.41,0.47,0.604,0.613,0.7,0.79,0.515,0.616,0.707,0.659,0.535,0.668,0.398,0.522,0.452,0.589,0.516,0.618,0.737,0.764,0.764,0.861,0.759,0.738,0.772,0.712,0.72,0.695,0.733,0.671,0.579,0.427,0.857,0.858,0.845,0.861,0.893,0.471,0.578,,,,,,,,,,,,,,,,,,,,,,,,,,,,,,,,,,,,,,,,,,,,,,,,,,,,,0.782,0.672,0.688,0.611,,,,,,,,,,,,,,,,,,,,,,,,,,,,,,,,,,,,,,,,,,,,,,,,,,,,0.747,,0.827,0.748,0.773,0.845,0.784,,,,,,,,,,,,,,,,,,,,,,,,,,,,,,,,,,,,,,,,,,,,,,,,,,,,,,,,,,,,,,,,,,,,,,,,,,,,,,,
2026-02-26,hle,0.039,0.035,0.039,0.048,0.103,0.059,0.117,0.04,0.096,,0.119,0.043,0.097,0.071,0.173,0.129,0.284,0.367,,0.186,,0.3,0.132,0.108,0.046,0.093,0.149,0.061,0.055,0.036,0.052,0.063,0.13,0.084,0.152,0.105,0.222,0.086,0.138,0.261,0.036,0.038,0.037,0.034,0.035,0.122,0.068,0.036,0.059,0.052,0.133,0.037,0.089,0.061,0.251,0.049,0.071,0.072,0.272,,,,0.033,0.046,0.046,0.039,0.029,0.028,0.033,0.04,0.058,0.265,0.184,0.235,0.054,0.256,0.197,0.146,0.05,0.082,0.076,0.041,0.052,0.265,0.234,0.169,0.073,0.249,0.354,0.335,,0.053,0.036,0.037,0.064,0.046,0.066,0.211,0.141,0.347,0.372,0.276,0.447,0.048,0.047,0.052,0.044,0.049,0.051,0.051,,0.111,0.239,0.05,0.17,0.05,0.176,0.075,0.041,0.042,0.036,0.121,0.038,0.334,0.07,0.063,0.223,0.123,0.294,0.052,,0.049,0.068,0.061,0.044,0.051,0.042,0.046,0.051,0.046,0.052,0.053,0.052,0.04,0.048,0.043,0.043,0.068,0.2,0.08,0.211,0.075,0.082,0.125,0.222,0.191,0.046,0.053,0.043,0.043,0.034,0.032,0.04,0.041,0.043,0.044,0.041,0.041,0.048,0.043,0.041,0.045,0.044,0.046,0.102,0.045,0.053,0.04,0.046,0.03,0.042,0.086,0.046,0.047,0.047,0.034,0.037,0.059,0.058,0.057,0.049,0.06,0.036,0.082,0.038,0.048,0.042,0.045,0.042,0.042,0.043,0.047,0.117,0.15,0.046,0.066,0.098,0.068,0.043,0.083,0.037,0.051,0.028,0.042,0.04,0.044,0.093,0.111,0.093,0.262,0.117,0.073,0.101,0.063,0.087,0.064,0.096,0.063,0.033,0.029,0.234,0.222,0.197,0.188,0.273,0.073,0.079,,,,,,,,,,,,,,,,,,,,,,,,,,,,,,,,,,,,,,,,,,,,,,,,,,,,,0.185,0.052,0.098,0.051,,,,,,,,,,,,,,,,,,,,,,,,,,,,,,,,,,,,,,,,,,,,,,,,,,,,0.077,,0.2,0.087,0.123,,0.175,,,,,,,,,,,,,,,,,,,,,,,,,,,,,,,,,,,,,,,,,,,,,,,,,,,,,,,,,,,,,,,,,,,,,,,,,,,,,,,
2026-02-26,ifbench,0.361,0.428,,0.44,0.483,0.433,0.537,0.454,0.547,,0.554,0.42,0.543,0.427,0.573,0.43,0.58,0.531,,0.446,,0.566,0.412,0.424,0.365,0.39,0.396,0.276,0.229,0.348,0.41,0.378,0.415,0.412,0.57,0.49,0.607,0.431,0.541,0.639,0.381,0.299,0.346,0.312,0.391,0.441,0.376,0.286,0.342,0.367,0.434,0.279,0.301,0.546,0.679,0.463,0.608,0.552,0.723,,,,,0.43,0.383,0.32,0.36,,0.343,0.31,0.45,0.731,0.666,0.706,0.456,0.741,0.754,0.712,0.456,0.676,0.659,0.325,0.432,0.729,0.7,0.679,0.474,0.652,0.754,0.776,,0.402,,0.315,0.499,0.418,0.526,0.487,0.551,0.78,0.704,0.497,0.771,0.367,0.318,0.283,0.279,,0.248,0.469,,0.459,0.537,0.377,0.505,0.365,0.527,0.414,,0.348,0.29,0.34,0.352,0.684,0.415,0.417,0.681,0.437,0.702,0.195,,0.263,0.438,0.418,0.371,0.246,0.39,0.344,0.286,0.307,0.304,0.228,0.262,0.471,0.43,0.395,0.329,0.37,0.718,0.399,0.642,0.412,0.418,0.723,0.699,0.716,0.32,0.268,0.291,0.199,,0.316,0.312,0.362,0.393,0.398,,0.264,0.299,0.335,,,0.269,0.375,0.711,0.259,0.319,0.271,0.276,0.405,0.612,0.685,0.341,0.294,0.362,0.381,0.381,0.491,0.328,0.415,0.392,0.66,0.345,0.388,,,0.369,,,0.239,0.405,0.366,0.387,0.512,0.319,0.415,0.507,0.331,0.315,0.363,,0.325,0.286,0.335,0.327,0.405,0.352,0.441,0.48,0.707,0.607,0.397,0.565,0.427,0.451,0.331,0.594,0.392,0.399,0.323,0.757,0.756,0.725,0.516,0.788,,,,,,,,,,,,,,,,,,,,,,,,,,,,,,,,,,,,,,,,,,,,,,,,,,,,,,,0.69,0.583,0.651,0.578,,,,,,,,,,,,,,,,,,,,,,,,,,,,,,,,,,,,,,,,,,,,,,,,,,,,0.703,,0.714,,0.671,,0.687,,,,,,,,,,,,,,,,,,,,,,,,,,,,,,,,,,,,,,,,,,,,,,,,,,,,,,,,,,,,,,,,,,,,,,,,,,,,,,,
2026-02-26,lcr,0.21,0.233,,0.483,0.607,0.36,0.337,0.443,0.647,,0.663,0.437,0.703,0.513,0.657,0.653,0.74,0.707,,0.583,,0.707,0.577,0.587,0.18,0.523,0.547,0.11,0.097,0.29,0.41,0.45,0.533,0.433,0.65,0.39,0.65,0.43,0.69,0.593,0.3,0.287,0.17,0.24,0.023,0.483,0.437,0.0,0.0,0.263,0.543,0.123,0.403,0.363,0.64,0.147,0.35,0.37,0.633,,,,,0.61,0.423,0.17,0.35,,0.0,,0.637,0.756,0.587,0.728,0.25,0.69,0.68,0.66,0.357,0.417,0.4,0.2,0.44,0.75,0.673,0.627,0.38,0.633,0.727,0.757,,0.283,,0.313,0.513,0.48,0.59,0.66,0.48,0.663,0.707,0.673,0.727,0.067,0.057,0.057,0.0,,0.04,0.547,,0.503,0.68,0.2,0.647,0.22,0.68,0.483,,0.2,0.02,0.323,0.173,0.74,0.51,0.523,0.663,0.59,0.653,0.0,,0.0,0.0,0.0,0.0,0.0,0.243,0.063,0.157,0.07,0.117,0.05,0.02,0.15,0.46,0.258,0.22,0.34,0.643,0.313,0.63,0.517,0.543,0.61,0.59,0.66,0.22,0.117,0.24,0.0,,0.017,0.053,0.347,0.28,0.197,,0.0,0.197,0.173,,,0.0,0.067,0.337,0.17,0.4,0.227,0.21,0.177,0.52,0.583,0.177,0.097,0.3,0.19,0.0,0.0,0.0,0.0,0.0,0.0,0.103,0.25,,,0.203,,,0.0,0.0,0.0,0.0,0.67,0.0,0.0,0.59,0.227,0.0,0.0,,0.0,0.0,0.0,0.29,0.423,0.4,0.467,0.397,0.66,0.603,0.513,0.587,0.317,0.407,0.237,0.553,0.313,0.31,0.153,0.667,0.673,0.627,0.58,0.657,,,,,,,,,,,,,,,,,,,,,,,,,,,,,,,,,,,,,,,,,,,,,,,,,,,,,,,0.507,0.437,0.307,0.31,,,,,,,,,,,,,,,,,,,,,,,,,,,,,,,,,,,,,,,,,,,,,,,,,,,,0.593,,0.693,,0.393,,0.55,,,,,,,,,,,,,,,,,,,,,,,,,,,,,,,,,,,,,,,,,,,,,,,,,,,,,,,,,,,,,,,,,,,,,,,,,,,,,,,
2026-02-26,scicode,0.186,0.274,0.366,0.376,0.403,0.409,0.398,0.373,0.4,,0.409,0.344,0.433,0.428,0.447,0.47,0.495,0.519,,0.457,,0.468,0.469,0.441,0.281,0.357,0.403,0.312,0.376,0.354,0.358,0.367,0.391,0.321,0.406,0.387,0.389,0.399,0.377,0.44,0.331,0.294,0.243,0.288,0.315,0.348,0.306,0.188,0.221,0.331,0.384,0.272,0.304,0.354,0.451,0.255,0.337,0.383,0.462,,,,0.319,0.381,0.404,0.259,0.331,0.309,0.333,0.229,0.378,0.429,0.391,0.411,0.388,0.409,0.392,0.41,0.369,0.366,0.338,0.291,0.365,0.433,0.402,0.426,0.404,0.462,0.521,0.546,,0.333,0.25,0.177,0.193,0.285,0.287,0.428,0.499,0.506,0.561,0.499,0.589,0.174,0.212,0.073,0.081,0.086,0.119,0.368,,0.406,0.457,0.329,0.442,0.296,0.442,0.362,0.231,0.346,0.277,0.391,0.188,0.366,0.345,0.307,0.424,0.396,0.49,0.025,,0.068,0.023,0.042,0.189,0.119,0.299,0.267,0.132,0.233,0.112,0.017,0.052,0.26,0.331,0.17,0.238,0.348,0.383,0.259,0.394,0.378,0.374,0.361,0.407,0.426,0.236,0.144,0.208,0.024,0.208,0.271,0.292,0.362,0.331,0.338,0.241,0.236,0.265,0.264,0.188,0.028,0.133,0.23,0.296,0.176,0.262,0.209,0.22,0.24,0.333,0.368,0.139,0.094,0.279,0.208,0.08,0.286,0.103,0.212,0.167,0.293,0.292,0.358,0.271,0.148,0.267,0.337,0.153,0.265,0.316,0.299,0.399,0.424,0.264,0.285,0.333,0.304,0.28,0.354,0.167,0.035,0.168,0.226,0.278,0.359,0.323,0.383,0.37,0.431,0.388,0.307,0.399,0.359,0.288,0.308,0.285,0.301,0.219,0.174,0.42,0.395,0.377,0.411,0.42,0.229,0.226,,,,,,,,,,,,,,,,,,,,,,,,,,,,,,,,,,,,,,,,,,,,,,,,,,,,,0.389,0.36,0.344,0.34,,,,,,,,,,,,,,,,,,,,,,,,,,,,,,,,,,,,,,,,,,,,,,,,,,,,0.358,,0.41,0.399,0.398,,0.465,,,,,,,,,,,,,,,,,,,,,,,,,,,,,,,,,,,,,,,,,,,,,,,,,,,,,,,,,,,,,,,,,,,,,,,,,,,,,,,
2026-02-26,terminalbench_hard,0.008,0.023,,0.212,0.212,,0.311,0.273,0.311,,0.343,0.273,0.273,0.288,0.356,0.409,0.47,0.462,,0.485,,0.53,0.462,0.424,0.008,0.061,0.159,0.015,,0.068,0.152,0.242,0.25,0.318,0.303,0.326,0.356,0.25,0.311,0.348,0.189,0.091,0.061,0.167,0.061,0.22,0.205,0.068,0.053,0.288,0.25,0.03,0.144,0.303,0.318,0.038,0.22,0.394,0.432,,,,,0.136,0.076,0.038,0.083,,0.083,,0.129,0.326,0.265,0.379,0.182,0.379,0.333,0.288,0.144,0.121,0.174,0.068,0.227,0.455,0.348,0.333,0.318,0.432,0.47,0.371,,0.038,,0.023,0.045,0.076,0.129,0.265,0.318,0.386,0.417,0.341,0.538,0.008,0.038,0.008,0.023,,0.015,0.114,,0.174,0.379,0.121,0.189,0.144,0.242,0.174,,0.098,0.0,0.091,0.023,0.091,0.159,0.235,0.311,0.189,0.348,0.008,,0.0,0.0,0.0,0.008,0.0,0.068,0.03,0.008,0.045,0.008,0.0,,0.03,0.068,0.015,0.038,0.053,0.311,0.258,0.28,0.023,0.03,0.258,0.288,0.348,0.045,0.0,0.045,,,,0.061,0.159,0.038,0.106,,,0.076,0.068,,,0.0,0.121,0.136,0.0,0.045,0.008,0.015,0.068,0.038,0.174,0.008,0.015,0.068,0.061,0.0,0.015,0.0,0.008,0.0,0.0,,,,,0.045,,,0.053,0.038,0.061,0.061,0.136,0.068,0.023,0.053,0.061,,0.03,,,0.023,0.023,0.152,0.189,0.182,0.205,0.197,0.242,0.098,0.076,0.114,0.068,0.053,0.061,0.076,0.083,0.038,0.023,0.311,0.326,0.265,0.356,0.409,,,,,,,,,,,,,,,,,,,,,,,,,,,,,,,,,,,,,,,,,,,,,,,,,,,,,,,0.235,0.053,0.106,0.045,,,,,,,,,,,,,,,,,,,,,,,,,,,,,,,,,,,,,,,,,,,,,,,,,,,,0.129,,0.371,0.068,0.061,,0.152,,,,,,,,,,,,,,,,,,,,,,,,,,,,,,,,,,,,,,,,,,,,,,,,,,,,,,,,,,,,,,,,,,,,,,,,,,,,,,,
2026-02-27,aa_omniscience_accuracy,,,,0.283,0.28,,,0.224,0.223,,,,,0.275,,,0.457,,,,,,,,,,0.309,,,,0.222,0.231,0.288,0.234,0.279,0.242,0.335,0.227,0.282,,,,,,,0.249,,,,0.208,0.273,,,0.239,0.293,0.12,0.159,0.227,,,,,,0.242,,,,,,,,0.406,0.374,0.389,,0.387,0.239,0.222,,0.183,0.161,,0.291,0.376,0.392,0.227,0.293,,,,,,,,0.175,,,0.39,0.455,,,0.471,,,0.125,,,,,0.283,,0.154,,0.159,0.226,,,0.238,,,,,,0.175,0.268,0.254,0.3,0.229,0.343,,,,,,,,,,,,,,,0.179,0.243,0.145,,,0.202,0.152,0.249,,0.211,0.22,0.205,0.262,,,,,,,,0.241,,,,,,0.147,,,,,0.171,,,,0.113,,0.159,0.183,,,,,,,,,,,,,,,,,,,,,,0.231,,,,,,,,,,,,0.147,0.158,0.244,0.243,0.299,0.174,,0.208,,0.169,,0.168,,0.201,,0.247,0.21,0.204,0.243,0.314,,,,,,,,,,,,,,,,,,,,,,,,,,,,,,,,,,,,,,,,,,,,,,,,,,,,,,,0.215,0.157,0.155,,,,,,,,,,,,,,,,,,,,,,,,,,,,,,,,,,,,,,,,,,,,,,,,,,,,,0.347,,0.384,,0.21,,0.246,,,,,,,,,,,,,,,,,,,,,,,,,,,,,,,,,,,,,,,,,,,,,,,,,,,,,,,,,,,,,,,,,,,,,,,,,,,,,,,
2026-02-27,aa_omniscience_non_hallucination_rate,,,,0.477,0.615,,,0.592,0.715,,,,,0.493,,,0.402,,,,,,,,,,0.16,,,,0.233,0.165,0.197,0.147,0.275,0.065,0.183,0.097,0.189,,,,,,,0.328,,,,0.339,0.05,,,0.077,0.097,0.157,0.105,0.561,,,,,,0.204,,,,,,,,0.179,0.242,0.199,,0.259,0.459,0.576,,0.437,0.512,,0.098,0.487,0.256,0.492,0.392,,,,,,,,0.246,,,0.126,0.098,,,0.151,,,0.105,,,,,0.154,,0.746,,0.218,0.34,,,0.215,,,,,,0.334,0.258,0.304,0.278,0.521,0.354,,,,,,,,,,,,,,,0.149,0.127,0.217,,,0.516,0.249,0.089,,0.132,0.116,0.33,0.107,,,,,,,,0.163,,,,,,0.237,,,,,0.171,,,,0.39,,0.204,0.096,,,,,,,,,,,,,,,,,,,,,,0.108,,,,,,,,,,,,0.567,0.091,0.106,0.143,0.082,0.178,,0.175,,0.108,,0.196,,0.093,,0.145,0.203,0.16,0.202,0.109,,,,,,,,,,,,,,,,,,,,,,,,,,,,,,,,,,,,,,,,,,,,,,,,,,,,,,,0.088,0.219,0.059,,,,,,,,,,,,,,,,,,,,,,,,,,,,,,,,,,,,,,,,,,,,,,,,,,,,,0.307,,0.129,,0.21,,0.199,,,,,,,,,,,,,,,,,,,,,,,,,,,,,,,,,,,,,,,,,,,,,,,,,,,,,,,,,,,,,,,,,,,,,,,,,,,,,,,
2026-02-27,artificial_analysis_agentic_index,7.0,17.7,,35.7,37.0,,,39.2,43.0,,,32.6,40.2,50.6,51.7,59.2,59.6,,67.6,,64.2,63.0,61.6,57.5,5.1,3.8,20.8,,,8.8,16.3,31.9,18.9,28.6,29.8,39.8,52.9,31.0,28.7,0.0,21.9,15.8,14.3,20.8,0.0,16.2,21.0,9.2,10.9,42.9,41.6,18.7,17.5,54.3,55.0,41.4,46.0,60.3,63.1,,,,,27.3,25.1,5.8,9.7,,8.4,,,54.6,49.7,45.8,22.9,52.7,45.5,40.9,13.4,23.3,16.8,8.6,32.2,51.3,50.7,38.7,39.5,54.9,60.2,56.5,,15.8,,6.3,6.1,10.1,11.7,32.7,35.0,49.7,52.0,45.0,59.1,3.6,3.5,1.7,1.7,,4.2,24.6,,31.1,41.5,31.9,39.5,33.0,49.3,35.6,,11.8,10.0,19.8,4.5,41.7,24.3,37.7,47.9,52.8,58.9,4.5,,3.5,3.6,6.5,0.0,0.0,6.3,5.1,5.5,7.7,4.9,0.0,,9.1,7.2,5.2,8.4,9.4,48.8,47.3,52.1,,29.1,47.5,47.4,55.6,17.4,11.4,16.7,,,,10.2,21.7,13.7,25.3,,,8.4,9.8,,,0.0,8.5,19.1,6.4,7.1,7.8,9.4,21.1,27.8,32.9,5.8,4.7,16.4,4.7,,0.0,4.2,0.0,7.1,0.0,,,,,,,,13.6,14.4,19.2,18.4,29.7,7.4,12.1,17.7,7.1,,13.4,,,11.6,12.6,21.1,18.3,42.1,43.0,23.3,50.1,23.6,14.2,27.0,19.1,14.9,9.5,23.4,9.8,15.6,18.4,53.0,54.6,44.1,53.3,55.8,,,,,,,,,,,,,,,,,,,,,,,,,,,,,,,,,,,,,,,,,,,,,,,,,,,,,,,37.9,28.0,27.6,21.9,,,,,,,,,,,,,,,,,,,,,,,,,,,,,,,,,,,,,,,,,,,,,,,,,,,,31.1,,36.1,,20.9,,36.1,,,,,,,,,,,,,,,,,,,,,,,,,,,,,,,,,,,,,,,,,,,,,,,,,,,,,,,,,,,,,,,,,,,,,,,,,,,,,,,
2026-02-27,artificial_analysis_coding_index,6.7,10.7,30.2,26.7,27.6,,34.0,30.6,34.1,,36.5,29.6,32.6,33.5,38.6,42.9,47.8,,48.1,,47.6,50.9,46.4,43.0,9.9,15.9,24.0,11.4,,16.4,22.0,28.4,29.7,31.9,33.7,34.6,36.7,30.0,33.3,37.9,23.7,15.9,12.1,20.7,14.5,26.3,23.8,10.8,10.9,30.2,29.5,11.1,19.7,32.0,36.3,11.0,25.9,39.0,44.2,10.7,,13.1,21.5,21.8,18.5,11.2,16.6,24.2,16.7,,21.2,36.0,30.7,39.0,25.1,38.9,35.3,32.9,21.9,20.3,22.9,14.2,27.3,44.7,36.6,36.4,34.7,44.2,48.7,43.0,,13.6,,7.4,9.5,14.5,18.1,31.9,37.8,42.6,46.5,39.4,55.5,6.3,9.6,2.9,4.2,,5.0,19.8,,25.2,40.5,19.0,27.4,19.5,30.9,23.7,,18.1,9.2,19.1,7.8,18.3,22.1,25.9,34.8,25.8,39.5,1.4,,2.3,0.8,1.4,6.8,4.0,14.5,10.9,4.9,10.8,4.3,0.6,,10.7,15.6,6.7,10.5,15.2,33.5,25.8,31.8,14.1,14.5,29.2,32.8,37.4,10.9,4.8,10.0,,,,13.8,22.7,13.6,18.3,,,13.9,13.3,,,4.4,15.8,19.0,5.9,11.8,7.5,8.3,12.5,13.6,23.9,5.1,4.1,13.8,11.0,2.7,10.5,3.4,7.6,5.6,9.8,,,,,11.9,,,12.4,13.1,14.0,17.4,23.2,13.3,11.0,14.7,14.2,,13.8,,,7.1,9.0,19.4,24.6,22.9,26.4,25.5,30.5,19.5,15.3,20.9,16.5,13.1,14.3,14.5,15.6,9.8,7.3,34.7,34.9,30.3,37.4,41.3,,,,,,,,,,,,,,,,,,,,,,,,,,,,,,,,,,,,,,,,,,,,,,,,,,,,,,,28.6,15.5,18.5,14.4,,,,,,,,,,,,,,,,,,,,,,,,,,,,,,,,,,,,,,,,,,,,,,,,,,,,20.5,,38.4,17.9,17.3,,25.6,,,,,,,,,,,,,,,,,,,,,,,,,,,,,,,,,,,,,,,,,,,,,,,,,,,,,,,,,,,,,,,,,,,,,,,,,,,,,,,
2026-02-27,artificial_analysis_intelligence_index,,,,30.8,34.7,,,33.0,38.7,,,,,37.1,,,49.7,,,,,,,,,,27.1,,,,22.3,28.1,27.7,28.5,33.9,32.1,41.7,28.4,32.9,,,,,,,26.4,,,,30.2,32.5,,,34.2,42.1,22.1,30.1,40.6,,,,,,26.3,,,,,,,,44.6,39.2,42.0,,44.6,41.2,38.9,,26.8,25.9,,27.4,47.7,43.1,38.6,33.6,,,,,,,,17.6,,,34.6,35.0,,,41.3,,,10.3,,,,,25.2,,32.1,,23.1,35.1,,,28.7,,,,,,36.0,26.3,30.9,40.9,37.3,46.8,,,,,,,,,,,,,,,14.5,18.4,13.5,,,41.5,30.4,39.2,,24.4,36.1,39.4,41.9,,,,,,,,22.8,,,,,,15.1,,,,,24.3,,,,14.8,,24.6,29.7,,,,,,,,,,,,,,,,,,,,,,29.5,,,,,,,,,,,,24.8,28.3,31.4,26.1,39.9,26.7,,27.6,,19.7,,24.7,,16.7,,41.6,42.1,37.1,40.1,45.0,,,,,,,,,,,,,,,,,,,,,,,,,,,,,,,,,,,,,,,,,,,,,,,,,,,,,,,33.3,24.5,24.5,,,,,,,,,,,,,,,,,,,,,,,,,,,,,,,,,,,,,,,,,,,,,,,,,,,,,30.8,,38.4,,25.2,,33.1,,,,,,,,,,,,,,,,,,,,,,,,,,,,,,,,,,,,,,,,,,,,,,,,,,,,,,,,,,,,,,,,,,,,,,,,,,,,,,,
2026-02-27,critpt,0.0,0.0,,0.0,0.009,,,0.011,0.003,,0.0,0.0,0.0,0.0,0.011,0.003,0.046,,0.126,,0.028,0.031,0.009,0.009,0.0,0.006,0.014,0.0,,0.0,0.0,0.0,0.02,0.0,0.017,0.009,0.029,0.014,0.014,0.074,0.0,0.0,0.0,0.0,0.0,0.0,0.0,0.0,0.0,0.0,0.011,0.0,0.0,0.0,0.017,0.0,0.003,0.0,0.02,,,,,0.0,0.0,0.0,0.0,,0.0,,,0.057,0.011,0.0,0.0,0.051,0.0,0.014,0.0,0.0,0.0,0.0,0.0,0.049,0.057,0.0,0.006,0.079,0.116,0.087,,0.0,,0.0,0.0,0.0,0.0,0.026,0.014,0.086,0.091,0.0,0.177,0.0,0.0,0.0,0.0,,0.0,0.0,,0.006,0.02,0.0,0.029,0.0,0.029,0.0,,0.0,0.0,0.003,0.0,0.0,0.0,0.0,0.026,0.006,0.031,0.0,,0.0,0.0,0.0,0.0,0.0,0.0,0.0,0.0,0.0,0.0,0.0,,0.0,0.0,0.0,0.0,0.0,0.029,0.0,0.043,,0.0,0.009,0.003,0.011,0.0,0.0,0.0,0.0,,,0.0,0.0,0.0,0.0,,,0.0,0.0,,,0.0,0.0,0.009,0.0,0.0,0.0,0.0,0.0,0.0,0.0,0.0,0.0,0.0,0.0,,0.0,0.0,0.0,0.0,0.0,,,,,0.0,,,0.0,0.0,0.0,0.0,0.0,0.0,0.0,0.003,0.0,,0.003,,,0.0,0.0,0.0,0.0,0.0,0.0,0.009,0.017,0.0,0.0,0.0,0.0,0.0,0.0,0.0,0.0,0.003,0.0,0.006,0.009,0.009,0.009,0.017,,,,,,,,,,,,,,,,,,,,,,,,,,,,,,,,,,,,,,,,,,,,,,,,,,,,,,,0.011,0.0,0.014,0.0,,,,,,,,,,,,,,,,,,,,,,,,,,,,,,,,,,,,,,,,,,,,,,,,,,,,0.003,,0.011,,0.003,,0.006,,,,,,,,,,,,,,,,,,,,,,,,,,,,,,,,,,,,,,,,,,,,,,,,,,,,,,,,,,,,,,,,,,,,,,,,,,,,,,,
2026-02-27,gdpval_aa,0.0,0.129,,0.283,0.284,,,0.332,0.328,,,0.332,0.334,0.41,0.388,0.458,0.45,,0.553,,0.539,0.566,0.527,0.468,0.0,0.0,0.104,,,0.0,0.0,0.305,0.066,0.248,0.262,0.191,0.347,0.302,0.262,0.0,0.196,0.117,0.052,0.181,,0.005,0.052,0.003,0.029,0.254,0.273,0.114,0.074,0.348,0.35,0.167,0.186,0.419,0.455,,,,,0.155,0.081,0.0,0.0,,0.0,,,0.401,0.325,0.255,0.0,0.358,0.347,0.261,0.008,0.15,0.073,0.0,0.25,0.365,0.344,0.267,0.365,0.459,0.481,0.393,,0.059,,0.0,0.0,0.0,0.0,0.213,0.311,0.346,0.351,0.337,0.404,0.0,0.0,0.0,0.0,,0.0,0.1,,0.0,0.245,0.15,0.264,0.16,0.273,0.138,,0.027,0.038,0.149,0.0,0.17,0.032,0.193,0.254,0.391,0.391,0.0,,0.0,0.0,0.0,,,0.0,0.0,0.0,0.0,,,,0.0,0.0,0.0,0.0,0.0,0.266,0.293,0.306,,0.263,0.276,0.294,0.353,0.099,0.019,0.094,,,,0.0,0.195,0.07,0.16,,,0.0,0.0,,,0.0,0.0,0.054,0.0,0.0,0.0,0.0,0.0,0.022,0.09,0.0,0.0,0.027,0.0,,,0.0,,0.0,,,,,,,,,0.01,0.014,0.14,0.142,0.171,0.0,0.023,0.103,0.027,,0.021,,,0.014,0.023,0.129,0.024,0.224,0.277,0.173,0.325,0.13,0.079,0.123,0.088,0.103,0.019,0.102,0.0,0.1,0.11,0.323,0.352,0.214,0.379,0.354,,,,,,,,,,,,,,,,,,,,,,,,,,,,,,,,,,,,,,,,,,,,,,,,,,,,,,,0.234,0.183,0.096,0.049,,,,,,,,,,,,,,,,,,,,,,,,,,,,,,,,,,,,,,,,,,,,,,,,,,,,0.134,,0.121,,0.14,,0.257,,,,,,,,,,,,,,,,,,,,,,,,,,,,,,,,,,,,,,,,,,,,,,,,,,,,,,,,,,,,,,,,,,,,,,,,,,,,,,,
2026-02-27,gpqa,0.374,0.408,0.599,0.656,0.772,0.701,0.796,0.683,0.777,,0.809,0.646,0.672,0.727,0.834,0.81,0.866,,0.896,,0.84,0.875,0.799,0.797,0.527,0.708,0.813,0.402,0.615,0.557,0.655,0.735,0.779,0.751,0.792,0.751,0.84,0.738,0.797,0.871,0.594,0.492,0.414,0.532,0.811,0.782,0.733,0.573,0.684,0.632,0.78,0.566,0.719,0.664,0.859,0.452,0.581,0.666,0.82,0.297,,,,0.666,0.664,0.512,0.521,0.526,0.543,0.426,0.686,0.854,0.808,0.842,0.673,0.837,0.828,0.803,0.687,0.676,0.67,0.428,0.643,0.873,0.86,0.813,0.712,0.864,0.903,0.899,,0.623,0.535,0.474,0.625,0.651,0.709,0.844,0.812,0.898,0.908,0.887,0.941,0.349,0.428,0.291,0.296,0.278,0.336,0.693,,0.791,0.877,0.606,0.847,0.637,0.853,0.727,0.401,0.536,0.491,0.761,0.39,0.764,0.766,0.767,0.838,0.789,0.879,0.306,,0.344,0.326,0.339,0.379,0.296,0.515,0.409,0.259,0.465,0.221,0.196,0.255,0.498,0.671,0.587,0.481,0.748,0.835,0.656,0.846,0.682,0.697,0.777,0.83,0.848,0.572,0.358,0.471,0.177,0.351,0.472,0.486,0.68,0.578,0.588,0.424,0.462,0.454,0.505,0.332,0.292,0.425,0.399,0.757,0.439,0.572,0.557,0.57,0.603,0.698,0.768,0.433,0.358,0.569,0.499,0.328,0.61,0.4,0.516,0.539,0.591,0.505,0.593,0.417,0.339,0.491,0.587,0.41,0.47,0.604,0.613,0.7,0.79,0.515,0.616,0.707,0.659,0.535,0.668,0.398,0.522,0.452,0.589,0.516,0.618,0.737,0.764,0.764,0.861,0.759,0.738,0.772,0.712,0.72,0.695,0.733,0.671,0.579,0.427,0.857,0.858,0.845,0.861,0.893,0.471,0.578,,,,,,,,,,,,,,,,,,,,,,,,,,,,,,,,,,,,,,,,,,,,,,,,,,,,,0.782,0.672,0.688,0.611,,,,,,,,,,,,,,,,,,,,,,,,,,,,,,,,,,,,,,,,,,,,,,,,,,,,0.747,,0.827,0.748,0.773,0.845,0.784,,,,,,,,,,,,,,,,,,,,,,,,,,,,,,,,,,,,,,,,,,,,,,,,,,,,,,,,,,,,,,,,,,,,,,,,,,,,,,,
2026-02-27,hle,0.039,0.035,0.039,0.048,0.103,0.059,0.117,0.04,0.096,,0.119,0.043,0.097,0.071,0.173,0.129,0.284,,0.367,,0.186,0.3,0.132,0.108,0.046,0.093,0.149,0.061,0.055,0.036,0.052,0.063,0.13,0.084,0.152,0.105,0.222,0.086,0.138,0.261,0.036,0.038,0.037,0.034,0.035,0.122,0.068,0.036,0.059,0.052,0.133,0.037,0.089,0.061,0.251,0.049,0.071,0.072,0.272,,,,0.033,0.046,0.046,0.039,0.029,0.028,0.033,0.04,0.058,0.265,0.184,0.235,0.054,0.256,0.197,0.146,0.05,0.082,0.076,0.041,0.052,0.265,0.234,0.169,0.073,0.249,0.354,0.335,,0.053,0.036,0.037,0.064,0.046,0.066,0.211,0.141,0.347,0.372,0.276,0.447,0.048,0.047,0.052,0.044,0.049,0.051,0.051,,0.111,0.239,0.05,0.17,0.05,0.176,0.075,0.041,0.042,0.036,0.121,0.038,0.334,0.07,0.063,0.223,0.123,0.294,0.052,,0.049,0.068,0.061,0.044,0.051,0.042,0.046,0.051,0.046,0.052,0.053,0.052,0.04,0.048,0.043,0.043,0.068,0.2,0.08,0.211,0.075,0.082,0.125,0.222,0.191,0.046,0.053,0.043,0.043,0.034,0.032,0.04,0.041,0.043,0.044,0.041,0.041,0.048,0.043,0.041,0.045,0.044,0.046,0.102,0.045,0.053,0.04,0.046,0.03,0.042,0.086,0.046,0.047,0.047,0.034,0.037,0.059,0.058,0.057,0.049,0.06,0.036,0.082,0.038,0.048,0.042,0.045,0.042,0.042,0.043,0.047,0.117,0.15,0.046,0.066,0.098,0.068,0.043,0.083,0.037,0.051,0.028,0.042,0.04,0.044,0.093,0.111,0.093,0.262,0.117,0.073,0.101,0.063,0.087,0.064,0.096,0.063,0.033,0.029,0.234,0.222,0.197,0.188,0.273,0.073,0.079,,,,,,,,,,,,,,,,,,,,,,,,,,,,,,,,,,,,,,,,,,,,,,,,,,,,,0.185,0.052,0.098,0.051,,,,,,,,,,,,,,,,,,,,,,,,,,,,,,,,,,,,,,,,,,,,,,,,,,,,0.077,,0.2,0.087,0.123,,0.175,,,,,,,,,,,,,,,,,,,,,,,,,,,,,,,,,,,,,,,,,,,,,,,,,,,,,,,,,,,,,,,,,,,,,,,,,,,,,,,
2026-02-27,ifbench,0.361,0.428,,0.44,0.483,0.433,0.537,0.454,0.547,,0.554,0.42,0.543,0.427,0.573,0.43,0.58,,0.531,,0.446,0.566,0.412,0.424,0.365,0.39,0.396,0.276,0.229,0.348,0.41,0.378,0.415,0.412,0.57,0.49,0.607,0.431,0.541,0.639,0.381,0.299,0.346,0.312,0.391,0.441,0.376,0.286,0.342,0.367,0.434,0.279,0.301,0.546,0.679,0.463,0.608,0.552,0.723,,,,,0.43,0.383,0.32,0.36,,0.343,0.31,0.45,0.731,0.666,0.706,0.456,0.741,0.754,0.712,0.456,0.676,0.659,0.325,0.432,0.729,0.7,0.679,0.474,0.652,0.754,0.776,,0.402,,0.315,0.499,0.418,0.526,0.487,0.551,0.78,0.704,0.497,0.771,0.367,0.318,0.283,0.279,,0.248,0.469,,0.459,0.537,0.377,0.505,0.365,0.527,0.414,,0.348,0.29,0.34,0.352,0.684,0.415,0.417,0.681,0.437,0.702,0.195,,0.263,0.438,0.418,0.371,0.246,0.39,0.344,0.286,0.307,0.304,0.228,0.262,0.471,0.43,0.395,0.329,0.37,0.718,0.399,0.642,0.412,0.418,0.723,0.699,0.716,0.32,0.268,0.291,0.199,,0.316,0.312,0.362,0.393,0.398,,0.264,0.299,0.335,,,0.269,0.375,0.711,0.259,0.319,0.271,0.276,0.405,0.612,0.685,0.341,0.294,0.362,0.381,0.381,0.491,0.328,0.415,0.392,0.66,0.345,0.388,,,0.369,,,0.239,0.405,0.366,0.387,0.512,0.319,0.415,0.507,0.331,0.315,0.363,,0.325,0.286,0.335,0.327,0.405,0.352,0.441,0.48,0.707,0.607,0.397,0.565,0.427,0.451,0.331,0.594,0.392,0.399,0.323,0.757,0.756,0.725,0.516,0.788,,,,,,,,,,,,,,,,,,,,,,,,,,,,,,,,,,,,,,,,,,,,,,,,,,,,,,,0.69,0.583,0.651,0.578,,,,,,,,,,,,,,,,,,,,,,,,,,,,,,,,,,,,,,,,,,,,,,,,,,,,0.703,,0.714,,0.671,,0.687,,,,,,,,,,,,,,,,,,,,,,,,,,,,,,,,,,,,,,,,,,,,,,,,,,,,,,,,,,,,,,,,,,,,,,,,,,,,,,,
2026-02-27,lcr,0.21,0.233,,0.483,0.607,0.36,0.337,0.443,0.647,,0.663,0.437,0.703,0.513,0.657,0.653,0.74,,0.707,,0.583,0.707,0.577,0.587,0.18,0.523,0.547,0.11,0.097,0.29,0.41,0.45,0.533,0.433,0.65,0.39,0.65,0.43,0.69,0.593,0.3,0.287,0.17,0.24,0.023,0.483,0.437,0.0,0.0,0.263,0.543,0.123,0.403,0.363,0.64,0.147,0.35,0.37,0.633,,,,,0.61,0.423,0.17,0.35,,0.0,,0.637,0.756,0.587,0.728,0.25,0.69,0.68,0.66,0.357,0.417,0.4,0.2,0.44,0.75,0.673,0.627,0.38,0.633,0.727,0.757,,0.283,,0.313,0.513,0.48,0.59,0.66,0.48,0.663,0.707,0.673,0.727,0.067,0.057,0.057,0.0,,0.04,0.547,,0.503,0.68,0.2,0.647,0.22,0.68,0.483,,0.2,0.02,0.323,0.173,0.74,0.51,0.523,0.663,0.59,0.653,0.0,,0.0,0.0,0.0,0.0,0.0,0.243,0.063,0.157,0.07,0.117,0.05,0.02,0.15,0.46,0.258,0.22,0.34,0.643,0.313,0.63,0.517,0.543,0.61,0.59,0.66,0.22,0.117,0.24,0.0,,0.017,0.053,0.347,0.28,0.197,,0.0,0.197,0.173,,,0.0,0.067,0.337,0.17,0.4,0.227,0.21,0.177,0.52,0.583,0.177,0.097,0.3,0.19,0.0,0.0,0.0,0.0,0.0,0.0,0.103,0.25,,,0.203,,,0.0,0.0,0.0,0.0,0.67,0.0,0.0,0.59,0.227,0.0,0.0,,0.0,0.0,0.0,0.29,0.423,0.4,0.467,0.397,0.66,0.603,0.513,0.587,0.317,0.407,0.237,0.553,0.313,0.31,0.153,0.667,0.673,0.627,0.58,0.657,,,,,,,,,,,,,,,,,,,,,,,,,,,,,,,,,,,,,,,,,,,,,,,,,,,,,,,0.507,0.437,0.307,0.31,,,,,,,,,,,,,,,,,,,,,,,,,,,,,,,,,,,,,,,,,,,,,,,,,,,,0.593,,0.693,,0.393,,0.55,,,,,,,,,,,,,,,,,,,,,,,,,,,,,,,,,,,,,,,,,,,,,,,,,,,,,,,,,,,,,,,,,,,,,,,,,,,,,,,
2026-02-27,scicode,0.186,0.274,0.366,0.376,0.403,0.409,0.398,0.373,0.4,,0.409,0.344,0.433,0.428,0.447,0.47,0.495,,0.519,,0.457,0.468,0.469,0.441,0.281,0.357,0.403,0.312,0.376,0.354,0.358,0.367,0.391,0.321,0.406,0.387,0.389,0.399,0.377,0.44,0.331,0.294,0.243,0.288,0.315,0.348,0.306,0.188,0.221,0.331,0.384,0.272,0.304,0.354,0.451,0.255,0.337,0.383,0.462,,,,0.319,0.381,0.404,0.259,0.331,0.309,0.333,0.229,0.378,0.429,0.391,0.411,0.388,0.409,0.392,0.41,0.369,0.366,0.338,0.291,0.365,0.433,0.402,0.426,0.404,0.462,0.521,0.546,,0.333,0.25,0.177,0.193,0.285,0.287,0.428,0.499,0.506,0.561,0.499,0.589,0.174,0.212,0.073,0.081,0.086,0.119,0.368,,0.406,0.457,0.329,0.442,0.296,0.442,0.362,0.231,0.346,0.277,0.391,0.188,0.366,0.345,0.307,0.424,0.396,0.49,0.025,,0.068,0.023,0.042,0.189,0.119,0.299,0.267,0.132,0.233,0.112,0.017,0.052,0.26,0.331,0.17,0.238,0.348,0.383,0.259,0.394,0.378,0.374,0.361,0.407,0.426,0.236,0.144,0.208,0.024,0.208,0.271,0.292,0.362,0.331,0.338,0.241,0.236,0.265,0.264,0.188,0.028,0.133,0.23,0.296,0.176,0.262,0.209,0.22,0.24,0.333,0.368,0.139,0.094,0.279,0.208,0.08,0.286,0.103,0.212,0.167,0.293,0.292,0.358,0.271,0.148,0.267,0.337,0.153,0.265,0.316,0.299,0.399,0.424,0.264,0.285,0.333,0.304,0.28,0.354,0.167,0.035,0.168,0.226,0.278,0.359,0.323,0.383,0.37,0.431,0.388,0.307,0.399,0.359,0.288,0.308,0.285,0.301,0.219,0.174,0.42,0.395,0.377,0.411,0.42,0.229,0.226,,,,,,,,,,,,,,,,,,,,,,,,,,,,,,,,,,,,,,,,,,,,,,,,,,,,,0.389,0.36,0.344,0.34,,,,,,,,,,,,,,,,,,,,,,,,,,,,,,,,,,,,,,,,,,,,,,,,,,,,0.358,,0.41,0.399,0.398,,0.465,,,,,,,,,,,,,,,,,,,,,,,,,,,,,,,,,,,,,,,,,,,,,,,,,,,,,,,,,,,,,,,,,,,,,,,,,,,,,,,
2026-02-27,terminalbench_hard,0.008,0.023,,0.212,0.212,,0.311,0.273,0.311,,0.343,0.273,0.273,0.288,0.356,0.409,0.47,,0.462,,0.485,0.53,0.462,0.424,0.008,0.061,0.159,0.015,,0.068,0.152,0.242,0.25,0.318,0.303,0.326,0.356,0.25,0.311,0.348,0.189,0.091,0.061,0.167,0.061,0.22,0.205,0.068,0.053,0.288,0.25,0.03,0.144,0.303,0.318,0.038,0.22,0.394,0.432,,,,,0.136,0.076,0.038,0.083,,0.083,,0.129,0.326,0.265,0.379,0.182,0.379,0.333,0.288,0.144,0.121,0.174,0.068,0.227,0.455,0.348,0.333,0.318,0.432,0.47,0.371,,0.038,,0.023,0.045,0.076,0.129,0.265,0.318,0.386,0.417,0.341,0.538,0.008,0.038,0.008,0.023,,0.015,0.114,,0.174,0.379,0.121,0.189,0.144,0.242,0.174,,0.098,0.0,0.091,0.023,0.091,0.159,0.235,0.311,0.189,0.348,0.008,,0.0,0.0,0.0,0.008,0.0,0.068,0.03,0.008,0.045,0.008,0.0,,0.03,0.068,0.015,0.038,0.053,0.311,0.258,0.28,0.023,0.03,0.258,0.288,0.348,0.045,0.0,0.045,,,,0.061,0.159,0.038,0.106,,,0.076,0.068,,,0.0,0.121,0.136,0.0,0.045,0.008,0.015,0.068,0.038,0.174,0.008,0.015,0.068,0.061,0.0,0.015,0.0,0.008,0.0,0.0,,,,,0.045,,,0.053,0.038,0.061,0.061,0.136,0.068,0.023,0.053,0.061,,0.03,,,0.023,0.023,0.152,0.189,0.182,0.205,0.197,0.242,0.098,0.076,0.114,0.068,0.053,0.061,0.076,0.083,0.038,0.023,0.311,0.326,0.265,0.356,0.409,,,,,,,,,,,,,,,,,,,,,,,,,,,,,,,,,,,,,,,,,,,,,,,,,,,,,,,0.235,0.053,0.106,0.045,,,,,,,,,,,,,,,,,,,,,,,,,,,,,,,,,,,,,,,,,,,,,,,,,,,,0.129,,0.371,0.068,0.061,,0.152,,,,,,,,,,,,,,,,,,,,,,,,,,,,,,,,,,,,,,,,,,,,,,,,,,,,,,,,,,,,,,,,,,,,,,,,,,,,,,,
2026-02-28,aa_omniscience_accuracy,,0.13,,0.283,0.28,,,0.224,0.223,,,0.137,0.174,0.275,0.324,0.407,0.457,,0.464,,0.452,0.4,0.38,0.361,,0.307,0.309,,,0.254,0.222,0.231,0.288,0.234,0.279,0.242,0.335,0.227,0.282,,0.21,0.191,,0.153,,0.249,0.155,,,0.208,0.273,0.175,0.156,0.239,0.293,0.12,0.159,0.227,0.269,,,,,0.242,0.175,,0.237,,0.197,,,0.406,0.374,0.389,0.281,0.387,0.239,0.222,0.182,0.183,0.161,,0.291,0.376,0.392,0.227,0.293,0.377,0.438,0.407,0.518,0.236,,,0.175,0.143,0.18,0.39,0.455,0.54,0.559,0.471,0.552,,0.125,,,,,0.283,,0.154,0.414,0.159,0.226,0.17,0.253,0.238,,0.263,,0.192,,0.175,0.268,0.254,0.3,0.229,0.343,,0.064,,,,,,,,,,,,,0.179,0.243,0.145,,0.169,0.202,0.152,0.249,,0.211,0.22,0.205,0.262,,,,,,,0.201,0.241,0.183,0.198,,,,0.147,,,,,0.171,,,,0.113,0.135,0.159,0.183,,,0.191,,,,,,,,,,,,,,,,0.149,0.182,0.184,0.231,,0.161,0.162,,,0.173,,,,,0.158,0.147,0.158,0.244,0.243,0.299,0.174,0.176,0.208,0.202,0.169,,0.168,0.149,0.201,,0.247,0.21,0.204,0.243,0.314,,,,,,,,,,,,,,,,,,,,,,,,,,,,,,,,,,,,,,,,,,,,,,,,,,,,,,,0.215,0.157,0.155,0.142,,,,,,,,,,,,,,,,,,,,,,,,,,,,,,,,,,,,,,,,,,,,,,,,,,,,0.347,,0.384,,0.21,,0.246,,,,,,,,,,,,,,,,,,,,,,,,,,,,,,,,,,,,,,,,,,,,,,,,,,,,,,,,,,,,,,,,,,,,,,,,,,,,,,,
2026-02-28,aa_omniscience_non_hallucination_rate,,0.585,,0.477,0.615,,,0.592,0.715,,,0.753,0.738,0.493,0.526,0.246,0.402,,0.387,,0.24,0.539,0.341,0.404,,0.105,0.16,,,0.106,0.233,0.165,0.197,0.147,0.275,0.065,0.183,0.097,0.189,,0.149,0.374,,0.149,,0.328,0.077,,,0.339,0.05,0.329,0.501,0.077,0.097,0.157,0.105,0.561,0.66,,,,,0.204,0.18,,0.405,,0.621,,,0.179,0.242,0.199,0.138,0.259,0.459,0.576,0.116,0.437,0.512,,0.098,0.487,0.256,0.492,0.392,0.394,0.203,0.272,0.131,0.135,,,0.246,0.336,0.132,0.126,0.098,0.078,0.091,0.151,0.501,,0.105,,,,,0.154,,0.746,0.358,0.218,0.34,0.182,0.276,0.215,,0.196,,0.13,,0.334,0.258,0.304,0.278,0.521,0.354,,0.3,,,,,,,,,,,,,0.149,0.127,0.217,,0.245,0.516,0.249,0.089,,0.132,0.116,0.33,0.107,,,,,,,0.322,0.163,0.391,0.187,,,,0.237,,,,,0.171,,,,0.39,0.161,0.204,0.096,,,0.315,,,,,,,,,,,,,,,,0.245,0.13,0.228,0.108,,0.197,0.127,,,0.18,,,,,0.208,0.567,0.091,0.106,0.143,0.082,0.178,0.068,0.175,0.113,0.108,,0.196,0.088,0.093,,0.145,0.203,0.16,0.202,0.109,,,,,,,,,,,,,,,,,,,,,,,,,,,,,,,,,,,,,,,,,,,,,,,,,,,,,,,0.088,0.219,0.059,0.134,,,,,,,,,,,,,,,,,,,,,,,,,,,,,,,,,,,,,,,,,,,,,,,,,,,,0.307,,0.129,,0.21,,0.199,,,,,,,,,,,,,,,,,,,,,,,,,,,,,,,,,,,,,,,,,,,,,,,,,,,,,,,,,,,,,,,,,,,,,,,,,,,,,,,
2026-02-28,artificial_analysis_agentic_index,7.0,17.7,,35.7,37.0,,,39.2,43.0,,,32.6,40.2,50.6,51.7,59.2,59.6,,67.6,,64.2,63.0,61.6,57.5,5.1,3.8,20.8,,,8.8,16.3,31.9,18.9,28.6,29.8,39.8,52.9,31.0,28.7,0.0,21.9,15.8,14.3,20.8,0.0,16.2,21.0,9.2,10.9,42.9,41.6,18.7,17.5,54.3,55.0,41.4,46.0,60.3,63.1,,,,,27.3,25.1,5.8,9.7,,8.4,,,54.6,49.7,45.8,22.9,52.7,45.5,40.9,13.4,23.3,16.8,8.6,32.2,51.3,50.7,38.7,39.5,54.9,60.2,56.5,62.2,15.8,,6.3,6.1,10.1,11.7,32.7,35.0,49.7,52.0,45.0,59.1,3.6,3.5,1.7,1.7,,4.2,24.6,,31.1,41.5,31.9,39.5,33.0,49.3,35.6,,11.8,10.0,19.8,4.5,41.7,24.3,37.7,47.9,52.8,58.9,4.5,3.7,3.5,3.6,6.5,0.0,0.0,6.3,5.1,5.5,7.7,4.9,0.0,,9.1,7.2,5.2,8.4,9.4,48.8,47.3,52.1,,29.1,47.5,47.4,55.6,17.4,11.4,16.7,,,,10.2,21.7,13.7,25.3,,,8.4,9.8,,,0.0,8.5,19.1,6.4,7.1,7.8,9.4,21.1,27.8,32.9,5.8,4.7,16.4,4.7,,0.0,4.2,0.0,7.1,,,,,,,,,13.6,14.4,19.2,18.4,29.7,7.4,12.1,17.7,7.1,,13.4,,,11.6,12.6,21.1,18.3,42.1,43.0,23.3,50.1,23.6,14.2,27.0,19.1,14.9,9.5,23.4,9.8,15.6,18.4,53.0,54.6,44.1,53.3,55.8,,,,,,,,,,,,,,,,,,,,,,,,,,,,,,,,,,,,,,,,,,,,,,,,,,,,,,,37.9,28.0,27.6,21.9,,,,,,,,,,,,,,,,,,,,,,,,,,,,,,,,,,,,,,,,,,,,,,,,,,,,31.1,,36.1,,20.9,,36.1,,,,,,,,,,,,,,,,,,,,,,,,,,,,,,,,,,,,,,,,,,,,,,,,,,,,,,,,,,,,,,,,,,,,,,,,,,,,,,,
2026-02-28,artificial_analysis_coding_index,6.7,10.7,30.2,26.7,27.6,,34.0,30.6,34.1,,36.5,29.6,32.6,33.5,38.6,42.9,47.8,,48.1,,47.6,50.9,46.4,43.0,9.9,15.9,24.0,11.4,,16.4,22.0,28.4,29.7,31.9,33.7,34.6,36.7,30.0,33.3,37.9,23.7,15.9,12.1,20.7,14.5,26.3,23.8,10.8,10.9,30.2,29.5,11.1,19.7,32.0,36.3,11.0,25.9,39.0,44.2,10.7,,13.1,21.5,21.8,18.5,11.2,16.6,24.2,16.7,,21.2,36.0,30.7,39.0,25.1,38.9,35.3,32.9,21.9,20.3,22.9,14.2,27.3,44.7,36.6,36.4,34.7,44.2,48.7,43.0,53.1,13.6,,7.4,9.5,14.5,18.1,31.9,37.8,42.6,46.5,39.4,55.5,6.3,9.6,2.9,4.2,,5.0,19.8,,25.2,40.5,19.0,27.4,19.5,30.9,23.7,,18.1,9.2,19.1,7.8,18.3,22.1,25.9,34.8,25.8,39.5,1.4,3.6,2.3,0.8,1.4,6.8,4.0,14.5,10.9,4.9,10.8,4.3,0.6,,10.7,15.6,6.7,10.5,15.2,33.5,25.8,31.8,14.1,14.5,29.2,32.8,37.4,10.9,4.8,10.0,,,,13.8,22.7,13.6,18.3,,,13.9,13.3,,,4.4,15.8,19.0,5.9,11.8,7.5,8.3,12.5,13.6,23.9,5.1,4.1,13.8,11.0,2.7,10.5,3.4,7.6,5.6,,,,,,11.9,,,12.4,13.1,14.0,17.4,23.2,13.3,11.0,14.7,14.2,,13.8,,,7.1,9.0,19.4,24.6,22.9,26.4,25.5,30.5,19.5,15.3,20.9,16.5,13.1,14.3,14.5,15.6,9.8,7.3,34.7,34.9,30.3,37.4,41.3,,,,,,,,,,,,,,,,,,,,,,,,,,,,,,,,,,,,,,,,,,,,,,,,,,,,,,,28.6,15.5,18.5,14.4,,,,,,,,,,,,,,,,,,,,,,,,,,,,,,,,,,,,,,,,,,,,,,,,,,,,20.5,,38.4,17.9,17.3,,25.6,,,,,,,,,,,,,,,,,,,,,,,,,,,,,,,,,,,,,,,,,,,,,,,,,,,,,,,,,,,,,,,,,,,,,,,,,,,,,,,
2026-02-28,artificial_analysis_intelligence_index,,18.7,,30.8,34.7,,,33.0,38.7,,,31.1,37.1,37.1,43.0,43.1,49.7,,53.0,,46.5,51.7,44.4,42.6,,18.8,27.1,,,16.5,22.3,28.1,27.7,28.5,33.9,32.1,41.7,28.4,32.9,,22.0,18.7,,19.5,,26.4,23.2,,,30.2,32.5,17.1,23.4,34.2,42.1,22.1,30.1,40.6,49.8,,,,,26.3,22.9,,18.6,,17.3,,,44.6,39.2,42.0,23.9,44.6,41.2,38.9,20.7,26.8,25.9,,27.4,47.7,43.1,38.6,33.6,46.6,51.3,49.0,54.0,18.5,,,17.6,19.4,21.6,34.6,35.0,46.4,48.4,41.3,57.2,,10.3,,,,,25.2,,32.1,41.5,23.1,35.1,23.6,38.6,28.7,,17.6,,22.2,,36.0,26.3,30.9,40.9,37.3,46.8,,10.5,,,,,,,,,,,,,14.5,18.4,13.5,,18.7,41.5,30.4,39.2,,24.4,36.1,39.4,41.9,,,,,,,15.1,22.8,18.8,21.3,,,,15.1,,,,,24.3,,,,14.8,18.0,24.6,29.7,,,19.0,,,,,,,,,,,,,,,,16.2,17.0,19.8,29.5,,15.3,22.4,,,16.5,,,,,20.0,24.8,28.3,31.4,26.1,39.9,26.7,20.1,27.6,20.8,19.7,,24.7,17.2,16.7,,41.6,42.1,37.1,40.1,45.0,,,,,,,,,,,,,,,,,,,,,,,,,,,,,,,,,,,,,,,,,,,,,,,,,,,,,,,33.3,24.5,24.5,20.8,,,,,,,,,,,,,,,,,,,,,,,,,,,,,,,,,,,,,,,,,,,,,,,,,,,,30.8,,38.4,,25.2,,33.1,,,,,,,,,,,,,,,,,,,,,,,,,,,,,,,,,,,,,,,,,,,,,,,,,,,,,,,,,,,,,,,,,,,,,,,,,,,,,,,
2026-02-28,critpt,0.0,0.0,,0.0,0.009,,,0.011,0.003,,0.0,0.0,0.0,0.0,0.011,0.003,0.046,,0.126,,0.028,0.031,0.009,0.009,0.0,0.006,0.014,0.0,,0.0,0.0,0.0,0.02,0.0,0.017,0.009,0.029,0.014,0.014,0.074,0.0,0.0,0.0,0.0,0.0,0.0,0.0,0.0,0.0,0.0,0.011,0.0,0.0,0.0,0.017,0.0,0.003,0.0,0.02,,,,,0.0,0.0,0.0,0.0,,0.0,,,0.057,0.011,0.0,0.0,0.051,0.0,0.014,0.0,0.0,0.0,0.0,0.0,0.049,0.057,0.0,0.006,0.079,0.116,0.087,0.169,0.0,,0.0,0.0,0.0,0.0,0.026,0.014,0.086,0.091,0.0,0.177,0.0,0.0,0.0,0.0,,0.0,0.0,,0.006,0.02,0.0,0.029,0.0,0.029,0.0,,0.0,0.0,0.003,0.0,0.0,0.0,0.0,0.026,0.006,0.031,0.0,0.0,0.0,0.0,0.0,0.0,0.0,0.0,0.0,0.0,0.0,0.0,0.0,,0.0,0.0,0.0,0.0,0.0,0.029,0.0,0.043,,0.0,0.009,0.003,0.011,0.0,0.0,0.0,0.0,,,0.0,0.0,0.0,0.0,,,0.0,0.0,,,0.0,0.0,0.009,0.0,0.0,0.0,0.0,0.0,0.0,0.0,0.0,0.0,0.0,0.0,,0.0,0.0,0.0,0.0,,,,,,0.0,,,0.0,0.0,0.0,0.0,0.0,0.0,0.0,0.003,0.0,,0.003,,,0.0,0.0,0.0,0.0,0.0,0.0,0.009,0.017,0.0,0.0,0.0,0.0,0.0,0.0,0.0,0.0,0.003,0.0,0.006,0.009,0.009,0.009,0.017,,,,,,,,,,,,,,,,,,,,,,,,,,,,,,,,,,,,,,,,,,,,,,,,,,,,,,,0.011,0.0,0.014,0.0,,,,,,,,,,,,,,,,,,,,,,,,,,,,,,,,,,,,,,,,,,,,,,,,,,,,0.003,,0.011,,0.003,,0.006,,,,,,,,,,,,,,,,,,,,,,,,,,,,,,,,,,,,,,,,,,,,,,,,,,,,,,,,,,,,,,,,,,,,,,,,,,,,,,,
2026-02-28,gdpval_aa,0.0,0.128,,0.284,0.285,,,0.336,0.329,,,0.333,0.337,0.41,0.388,0.458,0.45,,0.553,,0.539,0.566,0.527,0.47,0.0,0.0,0.106,,,0.0,0.0,0.309,0.067,0.247,0.261,0.194,0.349,0.304,0.262,0.0,0.194,0.116,0.051,0.181,,0.007,0.052,0.003,0.028,0.255,0.271,0.116,0.073,0.352,0.353,0.166,0.186,0.42,0.457,,,,,0.154,0.079,0.0,0.0,,0.0,,,0.404,0.329,0.255,0.0,0.36,0.35,0.262,0.009,0.146,0.072,0.0,0.25,0.367,0.347,0.269,0.367,0.46,0.481,0.394,0.48,0.057,,0.0,0.0,0.0,0.0,0.214,0.312,0.346,0.351,0.339,0.405,0.0,0.0,0.0,0.0,,0.0,0.1,,0.0,0.244,0.151,0.264,0.158,0.276,0.138,,0.027,0.037,0.147,0.0,0.172,0.031,0.194,0.256,0.394,0.393,0.0,0.0,0.0,0.0,0.0,,,0.0,0.0,0.0,0.0,,,,0.0,0.0,0.0,0.0,0.0,0.268,0.294,0.307,,0.264,0.278,0.294,0.356,0.096,0.017,0.093,,,,0.0,0.195,0.068,0.161,,,0.0,0.0,,,0.0,0.0,0.053,0.0,0.0,0.0,0.0,0.0,0.022,0.089,0.0,0.0,0.025,0.0,,,0.0,,0.0,,,,,,,,,0.009,0.013,0.14,0.14,0.17,0.0,0.021,0.101,0.027,,0.02,,,0.011,0.022,0.127,0.025,0.223,0.28,0.173,0.325,0.13,0.078,0.124,0.087,0.102,0.019,0.102,0.0,0.101,0.109,0.319,0.353,0.215,0.379,0.354,,,,,,,,,,,,,,,,,,,,,,,,,,,,,,,,,,,,,,,,,,,,,,,,,,,,,,,0.234,0.181,0.095,0.048,,,,,,,,,,,,,,,,,,,,,,,,,,,,,,,,,,,,,,,,,,,,,,,,,,,,0.133,,0.127,,0.139,,0.257,,,,,,,,,,,,,,,,,,,,,,,,,,,,,,,,,,,,,,,,,,,,,,,,,,,,,,,,,,,,,,,,,,,,,,,,,,,,,,,
2026-02-28,gpqa,0.374,0.408,0.599,0.656,0.772,0.701,0.796,0.683,0.777,,0.809,0.646,0.672,0.727,0.834,0.81,0.866,,0.896,,0.84,0.875,0.799,0.797,0.527,0.708,0.813,0.402,0.615,0.557,0.655,0.735,0.779,0.751,0.792,0.751,0.84,0.738,0.797,0.871,0.594,0.492,0.414,0.532,0.811,0.782,0.733,0.573,0.684,0.632,0.78,0.566,0.719,0.664,0.859,0.452,0.581,0.666,0.82,0.297,,,,0.666,0.664,0.512,0.521,0.526,0.543,0.426,0.686,0.854,0.808,0.842,0.673,0.837,0.828,0.803,0.687,0.676,0.67,0.428,0.643,0.873,0.86,0.813,0.712,0.864,0.903,0.899,0.915,0.623,0.535,0.474,0.625,0.651,0.709,0.844,0.812,0.898,0.908,0.887,0.941,0.349,0.428,0.291,0.296,0.278,0.336,0.693,,0.791,0.877,0.606,0.847,0.637,0.853,0.727,0.401,0.536,0.491,0.761,0.39,0.764,0.766,0.767,0.838,0.789,0.879,0.306,0.474,0.344,0.326,0.339,0.379,0.296,0.515,0.409,0.259,0.465,0.221,0.196,0.255,0.498,0.671,0.587,0.481,0.748,0.835,0.656,0.846,0.682,0.697,0.777,0.83,0.848,0.572,0.358,0.471,0.177,0.351,0.472,0.486,0.68,0.578,0.588,0.424,0.462,0.454,0.505,0.332,0.292,0.425,0.399,0.757,0.439,0.572,0.557,0.57,0.603,0.698,0.768,0.433,0.358,0.569,0.499,0.328,0.61,0.4,0.516,0.539,,0.505,0.593,0.417,0.339,0.491,0.587,0.41,0.47,0.604,0.613,0.7,0.79,0.515,0.616,0.707,0.659,0.535,0.668,0.398,0.522,0.452,0.589,0.516,0.618,0.737,0.764,0.764,0.861,0.759,0.738,0.772,0.712,0.72,0.695,0.733,0.671,0.579,0.427,0.857,0.858,0.845,0.861,0.893,0.471,0.578,,,,,,,,,,,,,,,,,,,,,,,,,,,,,,,,,,,,,,,,,,,,,,,,,,,,,0.782,0.672,0.688,0.611,,,,,,,,,,,,,,,,,,,,,,,,,,,,,,,,,,,,,,,,,,,,,,,,,,,,0.747,,0.827,0.748,0.773,0.845,0.784,,,,,,,,,,,,,,,,,,,,,,,,,,,,,,,,,,,,,,,,,,,,,,,,,,,,,,,,,,,,,,,,,,,,,,,,,,,,,,,
2026-02-28,hle,0.039,0.035,0.039,0.048,0.103,0.059,0.117,0.04,0.096,,0.119,0.043,0.097,0.071,0.173,0.129,0.284,,0.367,,0.186,0.3,0.132,0.108,0.046,0.093,0.149,0.061,0.055,0.036,0.052,0.063,0.13,0.084,0.152,0.105,0.222,0.086,0.138,0.261,0.036,0.038,0.037,0.034,0.035,0.122,0.068,0.036,0.059,0.052,0.133,0.037,0.089,0.061,0.251,0.049,0.071,0.072,0.272,,,,0.033,0.046,0.046,0.039,0.029,0.028,0.033,0.04,0.058,0.265,0.184,0.235,0.054,0.256,0.197,0.146,0.05,0.082,0.076,0.041,0.052,0.265,0.234,0.169,0.073,0.249,0.354,0.335,0.399,0.053,0.036,0.037,0.064,0.046,0.066,0.211,0.141,0.347,0.372,0.276,0.447,0.048,0.047,0.052,0.044,0.049,0.051,0.051,,0.111,0.239,0.05,0.17,0.05,0.176,0.075,0.041,0.042,0.036,0.121,0.038,0.334,0.07,0.063,0.223,0.123,0.294,0.052,0.044,0.049,0.068,0.061,0.044,0.051,0.042,0.046,0.051,0.046,0.052,0.053,0.052,0.04,0.048,0.043,0.043,0.068,0.2,0.08,0.211,0.075,0.082,0.125,0.222,0.191,0.046,0.053,0.043,0.043,0.034,0.032,0.04,0.041,0.043,0.044,0.041,0.041,0.048,0.043,0.041,0.045,0.044,0.046,0.102,0.045,0.053,0.04,0.046,0.03,0.042,0.086,0.046,0.047,0.047,0.034,0.037,0.059,0.058,0.057,0.049,,0.036,0.082,0.038,0.048,0.042,0.045,0.042,0.042,0.043,0.047,0.117,0.15,0.046,0.066,0.098,0.068,0.043,0.083,0.037,0.051,0.028,0.042,0.04,0.044,0.093,0.111,0.093,0.262,0.117,0.073,0.101,0.063,0.087,0.064,0.096,0.063,0.033,0.029,0.234,0.222,0.197,0.188,0.273,0.073,0.079,,,,,,,,,,,,,,,,,,,,,,,,,,,,,,,,,,,,,,,,,,,,,,,,,,,,,0.185,0.052,0.098,0.051,,,,,,,,,,,,,,,,,,,,,,,,,,,,,,,,,,,,,,,,,,,,,,,,,,,,0.077,,0.2,0.087,0.123,,0.175,,,,,,,,,,,,,,,,,,,,,,,,,,,,,,,,,,,,,,,,,,,,,,,,,,,,,,,,,,,,,,,,,,,,,,,,,,,,,,,
2026-02-28,ifbench,0.361,0.428,,0.44,0.483,0.433,0.537,0.454,0.547,,0.554,0.42,0.543,0.427,0.573,0.43,0.58,,0.531,,0.446,0.566,0.412,0.424,0.365,0.39,0.396,0.276,0.229,0.348,0.41,0.378,0.415,0.412,0.57,0.49,0.607,0.431,0.541,0.639,0.381,0.299,0.346,0.312,0.391,0.441,0.376,0.286,0.342,0.367,0.434,0.279,0.301,0.546,0.679,0.463,0.608,0.552,0.723,,,,,0.43,0.383,0.32,0.36,,0.343,0.31,0.45,0.731,0.666,0.706,0.456,0.741,0.754,0.712,0.456,0.676,0.659,0.325,0.432,0.729,0.7,0.679,0.474,0.652,0.754,0.776,0.754,0.402,,0.315,0.499,0.418,0.526,0.487,0.551,0.78,0.704,0.497,0.771,0.367,0.318,0.283,0.279,,0.248,0.469,,0.459,0.537,0.377,0.505,0.365,0.527,0.414,,0.348,0.29,0.34,0.352,0.684,0.415,0.417,0.681,0.437,0.702,0.195,0.459,0.263,0.438,0.418,0.371,0.246,0.39,0.344,0.286,0.307,0.304,0.228,0.262,0.471,0.43,0.395,0.329,0.37,0.718,0.399,0.642,0.412,0.418,0.723,0.699,0.716,0.32,0.268,0.291,0.199,,0.316,0.312,0.362,0.393,0.398,,0.264,0.299,0.335,,,0.269,0.375,0.711,0.259,0.319,0.271,0.276,0.405,0.612,0.685,0.341,0.294,0.362,0.381,0.381,0.491,0.328,0.415,0.392,,0.345,0.388,,,0.369,,,0.239,0.405,0.366,0.387,0.512,0.319,0.415,0.507,0.331,0.315,0.363,,0.325,0.286,0.335,0.327,0.405,0.352,0.441,0.48,0.707,0.607,0.397,0.565,0.427,0.451,0.331,0.594,0.392,0.399,0.323,0.757,0.756,0.725,0.516,0.788,,,,,,,,,,,,,,,,,,,,,,,,,,,,,,,,,,,,,,,,,,,,,,,,,,,,,,,0.69,0.583,0.651,0.578,,,,,,,,,,,,,,,,,,,,,,,,,,,,,,,,,,,,,,,,,,,,,,,,,,,,0.703,,0.714,,0.671,,0.687,,,,,,,,,,,,,,,,,,,,,,,,,,,,,,,,,,,,,,,,,,,,,,,,,,,,,,,,,,,,,,,,,,,,,,,,,,,,,,,
2026-02-28,lcr,0.21,0.233,,0.483,0.607,0.36,0.337,0.443,0.647,,0.663,0.437,0.703,0.513,0.657,0.653,0.74,,0.707,,0.583,0.707,0.577,0.587,0.18,0.523,0.547,0.11,0.097,0.29,0.41,0.45,0.533,0.433,0.65,0.39,0.65,0.43,0.69,0.593,0.3,0.287,0.17,0.24,0.023,0.483,0.437,0.0,0.0,0.263,0.543,0.123,0.403,0.363,0.64,0.147,0.35,0.37,0.633,,,,,0.61,0.423,0.17,0.35,,0.0,,0.637,0.756,0.587,0.728,0.25,0.69,0.68,0.66,0.357,0.417,0.4,0.2,0.44,0.75,0.673,0.627,0.38,0.633,0.727,0.757,0.74,0.283,,0.313,0.513,0.48,0.59,0.66,0.48,0.663,0.707,0.673,0.727,0.067,0.057,0.057,0.0,,0.04,0.547,,0.503,0.68,0.2,0.647,0.22,0.68,0.483,,0.2,0.02,0.323,0.173,0.74,0.51,0.523,0.663,0.59,0.653,0.0,0.0,0.0,0.0,0.0,0.0,0.0,0.243,0.063,0.157,0.07,0.117,0.05,0.02,0.15,0.46,0.258,0.22,0.34,0.643,0.313,0.63,0.517,0.543,0.61,0.59,0.66,0.22,0.117,0.24,0.0,,0.017,0.053,0.347,0.28,0.197,,0.0,0.197,0.173,,,0.0,0.067,0.337,0.17,0.4,0.227,0.21,0.177,0.52,0.583,0.177,0.097,0.3,0.19,0.0,0.0,0.0,0.0,0.0,,0.103,0.25,,,0.203,,,0.0,0.0,0.0,0.0,0.67,0.0,0.0,0.59,0.227,0.0,0.0,,0.0,0.0,0.0,0.29,0.423,0.4,0.467,0.397,0.66,0.603,0.513,0.587,0.317,0.407,0.237,0.553,0.313,0.31,0.153,0.667,0.673,0.627,0.58,0.657,,,,,,,,,,,,,,,,,,,,,,,,,,,,,,,,,,,,,,,,,,,,,,,,,,,,,,,0.507,0.437,0.307,0.31,,,,,,,,,,,,,,,,,,,,,,,,,,,,,,,,,,,,,,,,,,,,,,,,,,,,0.593,,0.693,,0.393,,0.55,,,,,,,,,,,,,,,,,,,,,,,,,,,,,,,,,,,,,,,,,,,,,,,,,,,,,,,,,,,,,,,,,,,,,,,,,,,,,,,
2026-02-28,scicode,0.186,0.274,0.366,0.376,0.403,0.409,0.398,0.373,0.4,,0.409,0.344,0.433,0.428,0.447,0.47,0.495,,0.519,,0.457,0.468,0.469,0.441,0.281,0.357,0.403,0.312,0.376,0.354,0.358,0.367,0.391,0.321,0.406,0.387,0.389,0.399,0.377,0.44,0.331,0.294,0.243,0.288,0.315,0.348,0.306,0.188,0.221,0.331,0.384,0.272,0.304,0.354,0.451,0.255,0.337,0.383,0.462,,,,0.319,0.381,0.404,0.259,0.331,0.309,0.333,0.229,0.378,0.429,0.391,0.411,0.388,0.409,0.392,0.41,0.369,0.366,0.338,0.291,0.365,0.433,0.402,0.426,0.404,0.462,0.521,0.546,0.532,0.333,0.25,0.177,0.193,0.285,0.287,0.428,0.499,0.506,0.561,0.499,0.589,0.174,0.212,0.073,0.081,0.086,0.119,0.368,,0.406,0.457,0.329,0.442,0.296,0.442,0.362,0.231,0.346,0.277,0.391,0.188,0.366,0.345,0.307,0.424,0.396,0.49,0.025,0.109,0.068,0.023,0.042,0.189,0.119,0.299,0.267,0.132,0.233,0.112,0.017,0.052,0.26,0.331,0.17,0.238,0.348,0.383,0.259,0.394,0.378,0.374,0.361,0.407,0.426,0.236,0.144,0.208,0.024,0.208,0.271,0.292,0.362,0.331,0.338,0.241,0.236,0.265,0.264,0.188,0.028,0.133,0.23,0.296,0.176,0.262,0.209,0.22,0.24,0.333,0.368,0.139,0.094,0.279,0.208,0.08,0.286,0.103,0.212,0.167,,0.292,0.358,0.271,0.148,0.267,0.337,0.153,0.265,0.316,0.299,0.399,0.424,0.264,0.285,0.333,0.304,0.28,0.354,0.167,0.035,0.168,0.226,0.278,0.359,0.323,0.383,0.37,0.431,0.388,0.307,0.399,0.359,0.288,0.308,0.285,0.301,0.219,0.174,0.42,0.395,0.377,0.411,0.42,0.229,0.226,,,,,,,,,,,,,,,,,,,,,,,,,,,,,,,,,,,,,,,,,,,,,,,,,,,,,0.389,0.36,0.344,0.34,,,,,,,,,,,,,,,,,,,,,,,,,,,,,,,,,,,,,,,,,,,,,,,,,,,,0.358,,0.41,0.399,0.398,,0.465,,,,,,,,,,,,,,,,,,,,,,,,,,,,,,,,,,,,,,,,,,,,,,,,,,,,,,,,,,,,,,,,,,,,,,,,,,,,,,,
2026-02-28,terminalbench_hard,0.008,0.023,,0.212,0.212,,0.311,0.273,0.311,,0.343,0.273,0.273,0.288,0.356,0.409,0.47,,0.462,,0.485,0.53,0.462,0.424,0.008,0.061,0.159,0.015,,0.068,0.152,0.242,0.25,0.318,0.303,0.326,0.356,0.25,0.311,0.348,0.189,0.091,0.061,0.167,0.061,0.22,0.205,0.068,0.053,0.288,0.25,0.03,0.144,0.303,0.318,0.038,0.22,0.394,0.432,,,,,0.136,0.076,0.038,0.083,,0.083,,0.129,0.326,0.265,0.379,0.182,0.379,0.333,0.288,0.144,0.121,0.174,0.068,0.227,0.455,0.348,0.333,0.318,0.432,0.47,0.371,0.53,0.038,,0.023,0.045,0.076,0.129,0.265,0.318,0.386,0.417,0.341,0.538,0.008,0.038,0.008,0.023,,0.015,0.114,,0.174,0.379,0.121,0.189,0.144,0.242,0.174,,0.098,0.0,0.091,0.023,0.091,0.159,0.235,0.311,0.189,0.348,0.008,0.0,0.0,0.0,0.0,0.008,0.0,0.068,0.03,0.008,0.045,0.008,0.0,,0.03,0.068,0.015,0.038,0.053,0.311,0.258,0.28,0.023,0.03,0.258,0.288,0.348,0.045,0.0,0.045,,,,0.061,0.159,0.038,0.106,,,0.076,0.068,,,0.0,0.121,0.136,0.0,0.045,0.008,0.015,0.068,0.038,0.174,0.008,0.015,0.068,0.061,0.0,0.015,0.0,0.008,0.0,,,,,,0.045,,,0.053,0.038,0.061,0.061,0.136,0.068,0.023,0.053,0.061,,0.03,,,0.023,0.023,0.152,0.189,0.182,0.205,0.197,0.242,0.098,0.076,0.114,0.068,0.053,0.061,0.076,0.083,0.038,0.023,0.311,0.326,0.265,0.356,0.409,,,,,,,,,,,,,,,,,,,,,,,,,,,,,,,,,,,,,,,,,,,,,,,,,,,,,,,0.235,0.053,0.106,0.045,,,,,,,,,,,,,,,,,,,,,,,,,,,,,,,,,,,,,,,,,,,,,,,,,,,,0.129,,0.371,0.068,0.061,,0.152,,,,,,,,,,,,,,,,,,,,,,,,,,,,,,,,,,,,,,,,,,,,,,,,,,,,,,,,,,,,,,,,,,,,,,,,,,,,,,,
2026-03-01,aa_omniscience_accuracy,,0.13,,0.283,0.28,,0.0,0.224,0.223,,0.0,0.137,0.174,0.275,0.324,0.407,0.457,,0.464,,0.452,0.4,0.38,0.361,,0.307,0.309,,,0.254,0.222,0.231,0.288,0.234,0.279,0.242,0.335,0.227,0.282,,0.21,0.191,0.147,0.153,0.187,0.249,0.155,,,0.208,0.273,0.175,0.156,0.239,0.293,0.12,0.159,0.227,0.269,,,,,0.242,0.175,,0.237,,0.197,,,0.406,0.374,0.389,0.281,0.387,0.239,0.222,0.182,0.183,0.161,,0.291,0.376,0.392,0.227,0.293,0.377,0.438,0.407,0.518,0.236,,,0.175,0.143,0.18,0.39,0.455,0.54,0.559,0.471,0.552,,0.125,,,,,0.283,,0.154,0.414,0.159,0.226,0.17,0.253,0.238,,0.263,,0.192,,0.175,0.268,0.254,0.3,0.229,0.343,,0.064,,,,,,,,,,,,,0.179,0.243,0.145,,0.169,0.202,0.152,0.249,,0.211,0.22,0.205,0.262,0.123,,,,,,0.201,0.241,0.183,0.198,,,,0.147,,,,,0.171,,,,0.113,0.135,0.159,0.183,,,0.191,,,,,,,,,,,,,,,,0.149,0.182,0.184,0.231,,0.161,0.162,0.151,,0.173,,,,,0.158,0.147,0.158,0.244,0.243,0.299,0.174,0.176,0.208,0.202,0.169,0.155,0.168,0.149,0.201,,0.247,0.21,0.204,0.243,0.314,,,,,,,,,,,,,,,,,,,,,,,,,,,,,,,,,,,,,,,,,,,,,,,,,,,,,,,0.215,0.157,0.155,0.142,,,,,,,,,,,,,,,,,,,,,,,,,,,,,,,,,,,,,,,,,,,,,,,,,,,,0.347,,0.384,,0.21,,0.246,,,,,,,,,,,,,,,,,,,,,,,,,,,,,,,,,,,,,,,,,,,,,,,,,,,,,,,,,,,,,,,,,,,,,,,,,,,,,,,
2026-03-01,aa_omniscience_non_hallucination_rate,,0.585,,0.477,0.615,,1.0,0.592,0.715,,1.0,0.753,0.738,0.493,0.526,0.246,0.402,,0.387,,0.24,0.539,0.341,0.404,,0.105,0.16,,,0.106,0.233,0.165,0.197,0.147,0.275,0.065,0.183,0.097,0.189,,0.149,0.374,0.229,0.149,0.329,0.328,0.077,,,0.339,0.05,0.329,0.501,0.077,0.097,0.157,0.105,0.561,0.66,,,,,0.204,0.18,,0.405,,0.621,,,0.179,0.242,0.199,0.138,0.259,0.459,0.576,0.116,0.437,0.512,,0.098,0.487,0.256,0.492,0.392,0.394,0.203,0.272,0.131,0.135,,,0.246,0.336,0.132,0.126,0.098,0.078,0.091,0.151,0.501,,0.105,,,,,0.154,,0.746,0.358,0.218,0.34,0.182,0.276,0.215,,0.196,,0.13,,0.334,0.258,0.304,0.278,0.521,0.354,,0.3,,,,,,,,,,,,,0.149,0.127,0.217,,0.245,0.516,0.249,0.089,,0.132,0.116,0.33,0.107,0.098,,,,,,0.322,0.163,0.391,0.187,,,,0.237,,,,,0.171,,,,0.39,0.161,0.204,0.096,,,0.315,,,,,,,,,,,,,,,,0.245,0.13,0.228,0.108,,0.197,0.127,0.046,,0.18,,,,,0.208,0.567,0.091,0.106,0.143,0.082,0.178,0.068,0.175,0.113,0.108,0.071,0.196,0.088,0.093,,0.145,0.203,0.16,0.202,0.109,,,,,,,,,,,,,,,,,,,,,,,,,,,,,,,,,,,,,,,,,,,,,,,,,,,,,,,0.088,0.219,0.059,0.134,,,,,,,,,,,,,,,,,,,,,,,,,,,,,,,,,,,,,,,,,,,,,,,,,,,,0.307,,0.129,,0.21,,0.199,,,,,,,,,,,,,,,,,,,,,,,,,,,,,,,,,,,,,,,,,,,,,,,,,,,,,,,,,,,,,,,,,,,,,,,,,,,,,,,
2026-03-01,artificial_analysis_agentic_index,7.0,17.7,,35.7,37.0,,,39.2,43.0,,,32.6,40.2,50.6,51.7,59.2,59.6,,67.6,,64.2,63.0,61.6,57.5,5.1,3.8,20.8,,,8.8,16.3,31.9,18.9,28.6,29.8,39.8,52.9,31.0,28.7,0.0,21.9,15.8,14.3,20.8,0.0,16.2,21.0,9.2,10.9,42.9,41.6,18.7,17.5,54.3,55.0,41.4,46.0,60.3,63.1,,,,,27.3,25.1,5.8,9.7,,8.4,,,54.6,49.7,45.8,22.9,52.7,45.5,40.9,13.4,23.3,16.8,8.6,32.2,51.3,50.7,38.7,39.5,54.9,60.2,56.5,62.2,15.8,,6.3,6.1,10.1,11.7,32.7,35.0,49.7,52.0,45.0,59.1,3.6,3.5,1.7,1.7,,4.2,24.6,,31.1,41.5,31.9,39.5,33.0,49.3,35.6,,11.8,10.0,19.8,4.5,41.7,24.3,37.7,47.9,52.8,58.9,4.5,3.7,3.5,3.6,6.5,0.0,0.0,6.3,5.1,5.5,7.7,4.9,0.0,,9.1,7.2,5.2,8.4,9.4,48.8,47.3,52.1,,29.1,47.5,47.4,55.6,17.4,11.4,16.7,,,,10.2,21.7,13.7,25.3,,,8.4,9.8,,,0.0,8.5,19.1,6.4,7.1,7.8,9.4,21.1,27.8,32.9,5.8,4.7,16.4,4.7,,0.0,4.2,0.0,7.1,,,,,,,,,13.6,14.4,19.2,18.4,29.7,7.4,12.1,17.7,7.1,,13.4,,,11.6,12.6,21.1,18.3,42.1,43.0,23.3,50.1,23.6,14.2,27.0,19.1,14.9,9.5,23.4,9.8,15.6,18.4,53.0,54.6,44.1,53.3,55.8,,,,,,,,,,,,,,,,,,,,,,,,,,,,,,,,,,,,,,,,,,,,,,,,,,,,,,,37.9,28.0,27.6,21.9,,,,,,,,,,,,,,,,,,,,,,,,,,,,,,,,,,,,,,,,,,,,,,,,,,,,31.1,,36.1,,20.9,,36.1,,,,,,,,,,,,,,,,,,,,,,,,,,,,,,,,,,,,,,,,,,,,,,,,,,,,,,,,,,,,,,,,,,,,,,,,,,,,,,,
2026-03-01,artificial_analysis_coding_index,6.7,10.7,30.2,26.7,27.6,,34.0,30.6,34.1,,36.5,29.6,32.6,33.5,38.6,42.9,47.8,,48.1,,47.6,50.9,46.4,43.0,9.9,15.9,24.0,11.4,,16.4,22.0,28.4,29.7,31.9,33.7,34.6,36.7,30.0,33.3,37.9,23.7,15.9,12.1,20.7,14.5,26.3,23.8,10.8,10.9,30.2,29.5,11.1,19.7,32.0,36.3,11.0,25.9,39.0,44.2,10.7,,13.1,21.5,21.8,18.5,11.2,16.6,24.2,16.7,,21.2,36.0,30.7,39.0,25.1,38.9,35.3,32.9,21.9,20.3,22.9,14.2,27.3,44.7,36.6,36.4,34.7,44.2,48.7,43.0,53.1,13.6,,7.4,9.5,14.5,18.1,31.9,37.8,42.6,46.5,39.4,55.5,6.3,9.6,2.9,4.2,,5.0,19.8,,25.2,40.5,19.0,27.4,19.5,30.9,23.7,,18.1,9.2,19.1,7.8,18.3,22.1,25.9,34.8,25.8,39.5,1.4,3.6,2.3,0.8,1.4,6.8,4.0,14.5,10.9,4.9,10.8,4.3,0.6,,10.7,15.6,6.7,10.5,15.2,33.5,25.8,31.8,14.1,14.5,29.2,32.8,37.4,10.9,4.8,10.0,,,,13.8,22.7,13.6,18.3,,,13.9,13.3,,,4.4,15.8,19.0,5.9,11.8,7.5,8.3,12.5,13.6,23.9,5.1,4.1,13.8,11.0,2.7,10.5,3.4,7.6,5.6,,,,,,11.9,,,12.4,13.1,14.0,17.4,23.2,13.3,11.0,14.7,14.2,,13.8,,,7.1,9.0,19.4,24.6,22.9,26.4,25.5,30.5,19.5,15.3,20.9,16.5,13.1,14.3,14.5,15.6,9.8,7.3,34.7,34.9,30.3,37.4,41.3,,,,,,,,,,,,,,,,,,,,,,,,,,,,,,,,,,,,,,,,,,,,,,,,,,,,,,,28.6,15.5,18.5,14.4,,,,,,,,,,,,,,,,,,,,,,,,,,,,,,,,,,,,,,,,,,,,,,,,,,,,20.5,,38.4,17.9,17.3,,25.6,,,,,,,,,,,,,,,,,,,,,,,,,,,,,,,,,,,,,,,,,,,,,,,,,,,,,,,,,,,,,,,,,,,,,,,,,,,,,,,
2026-03-01,artificial_analysis_intelligence_index,,18.7,,30.8,34.7,,,33.0,38.7,,,31.1,37.1,37.1,43.0,43.1,49.7,,53.0,,46.5,51.7,44.4,42.6,,18.8,27.1,,,16.5,22.3,28.1,27.7,28.5,33.9,32.1,41.7,28.4,32.9,,22.0,18.7,15.2,19.5,15.0,26.4,23.2,,,30.2,32.5,17.1,23.4,34.2,42.1,22.1,30.1,40.6,49.8,,,,,26.3,22.9,,18.6,,17.3,,,44.6,39.2,42.0,23.9,44.6,41.2,38.9,20.7,26.8,25.9,,27.4,47.7,43.1,38.6,33.6,46.6,51.3,49.0,54.0,18.5,,,17.6,19.4,21.6,34.6,35.0,46.4,48.4,41.3,57.2,,10.3,,,,,25.2,,32.1,41.5,23.1,35.1,23.6,38.6,28.7,,17.6,,22.2,,36.0,26.3,30.9,40.9,37.3,46.8,,10.5,,,,,,,,,,,,,14.5,18.4,13.5,,18.7,41.5,30.4,39.2,,24.4,36.1,39.4,41.9,16.0,,,,,,15.1,22.8,18.8,21.3,,,,15.1,,,,,24.3,,,,14.8,18.0,24.6,29.7,,,19.0,,,,,,,,,,,,,,,,16.2,17.0,19.8,29.5,,15.3,22.4,15.0,,16.5,,,,,20.0,24.8,28.3,31.4,26.1,39.9,26.7,20.1,27.6,20.8,19.7,16.1,24.7,17.2,16.7,,41.6,42.1,37.1,40.1,45.0,,,,,,,,,,,,,,,,,,,,,,,,,,,,,,,,,,,,,,,,,,,,,,,,,,,,,,,33.3,24.5,24.5,20.8,,,,,,,,,,,,,,,,,,,,,,,,,,,,,,,,,,,,,,,,,,,,,,,,,,,,30.8,,38.4,,25.2,,33.1,,,,,,,,,,,,,,,,,,,,,,,,,,,,,,,,,,,,,,,,,,,,,,,,,,,,,,,,,,,,,,,,,,,,,,,,,,,,,,,
2026-03-01,critpt,0.0,0.0,,0.0,0.009,,,0.011,0.003,,0.0,0.0,0.0,0.0,0.011,0.003,0.046,,0.126,,0.028,0.031,0.009,0.009,0.0,0.006,0.014,0.0,,0.0,0.0,0.0,0.02,0.0,0.017,0.009,0.029,0.014,0.014,0.074,0.0,0.0,0.0,0.0,0.0,0.0,0.0,0.0,0.0,0.0,0.011,0.0,0.0,0.0,0.017,0.0,0.003,0.0,0.02,,,,,0.0,0.0,0.0,0.0,,0.0,,,0.057,0.011,0.0,0.0,0.051,0.0,0.014,0.0,0.0,0.0,0.0,0.0,0.049,0.057,0.0,0.006,0.079,0.116,0.087,0.169,0.0,,0.0,0.0,0.0,0.0,0.026,0.014,0.086,0.091,0.0,0.177,0.0,0.0,0.0,0.0,,0.0,0.0,,0.006,0.02,0.0,0.029,0.0,0.029,0.0,,0.0,0.0,0.003,0.0,0.0,0.0,0.0,0.026,0.006,0.031,0.0,0.0,0.0,0.0,0.0,0.0,0.0,0.0,0.0,0.0,0.0,0.0,0.0,,0.0,0.0,0.0,0.0,0.0,0.029,0.0,0.043,,0.0,0.009,0.003,0.011,0.0,0.0,0.0,0.0,,,0.0,0.0,0.0,0.0,,,0.0,0.0,,,0.0,0.0,0.009,0.0,0.0,0.0,0.0,0.0,0.0,0.0,0.0,0.0,0.0,0.0,,0.0,0.0,0.0,0.0,,,,,,0.0,,,0.0,0.0,0.0,0.0,0.0,0.0,0.0,0.003,0.0,,0.003,,,0.0,0.0,0.0,0.0,0.0,0.0,0.009,0.017,0.0,0.0,0.0,0.0,0.0,0.0,0.0,0.0,0.003,0.0,0.006,0.009,0.009,0.009,0.017,,,,,,,,,,,,,,,,,,,,,,,,,,,,,,,,,,,,,,,,,,,,,,,,,,,,,,,0.011,0.0,0.014,0.0,,,,,,,,,,,,,,,,,,,,,,,,,,,,,,,,,,,,,,,,,,,,,,,,,,,,0.003,,0.011,,0.003,,0.006,,,,,,,,,,,,,,,,,,,,,,,,,,,,,,,,,,,,,,,,,,,,,,,,,,,,,,,,,,,,,,,,,,,,,,,,,,,,,,,
2026-03-01,gdpval_aa,0.0,0.129,,0.284,0.283,,,0.336,0.328,,,0.333,0.336,0.41,0.388,0.458,0.45,,0.553,,0.539,0.566,0.527,0.47,0.0,0.0,0.107,,,0.0,0.0,0.308,0.069,0.246,0.261,0.194,0.348,0.304,0.261,0.0,0.195,0.118,0.052,0.183,,0.009,0.053,0.005,0.03,0.255,0.271,0.118,0.075,0.352,0.353,0.167,0.188,0.42,0.457,,,,,0.156,0.08,0.0,0.0,,0.0,,,0.403,0.328,0.255,0.0,0.359,0.349,0.262,0.011,0.146,0.073,0.0,0.25,0.367,0.347,0.269,0.367,0.46,0.481,0.394,0.48,0.059,,0.0,0.0,0.0,0.0,0.214,0.312,0.346,0.351,0.339,0.405,0.0,0.0,0.0,0.0,,0.0,0.1,,0.0,0.243,0.152,0.264,0.158,0.275,0.139,,0.029,0.039,0.148,0.0,0.173,0.034,0.195,0.256,0.394,0.393,0.0,0.0,0.0,0.0,0.0,,,0.0,0.0,0.0,0.0,,,,0.0,0.0,0.0,0.0,0.0,0.268,0.294,0.306,,0.264,0.277,0.293,0.356,0.097,0.019,0.094,,,,0.0,0.195,0.069,0.162,,,0.0,0.0,,,0.0,0.0,0.057,0.0,0.0,0.0,0.0,0.0,0.024,0.091,0.0,0.0,0.027,0.0,,,0.0,,0.0,,,,,,,,,0.01,0.015,0.142,0.14,0.17,0.0,0.023,0.104,0.028,,0.022,,,0.013,0.025,0.128,0.027,0.223,0.279,0.173,0.325,0.131,0.08,0.125,0.089,0.103,0.02,0.102,0.0,0.101,0.11,0.318,0.353,0.216,0.38,0.354,,,,,,,,,,,,,,,,,,,,,,,,,,,,,,,,,,,,,,,,,,,,,,,,,,,,,,,0.234,0.182,0.096,0.05,,,,,,,,,,,,,,,,,,,,,,,,,,,,,,,,,,,,,,,,,,,,,,,,,,,,0.134,,0.129,,0.141,,0.257,,,,,,,,,,,,,,,,,,,,,,,,,,,,,,,,,,,,,,,,,,,,,,,,,,,,,,,,,,,,,,,,,,,,,,,,,,,,,,,
2026-03-01,gpqa,0.374,0.408,0.599,0.656,0.772,0.701,0.796,0.683,0.777,,0.809,0.646,0.672,0.727,0.834,0.81,0.866,,0.896,,0.84,0.875,0.799,0.797,0.527,0.708,0.813,0.402,0.615,0.557,0.655,0.735,0.779,0.751,0.792,0.751,0.84,0.738,0.797,0.871,0.594,0.492,0.414,0.532,0.811,0.782,0.733,0.573,0.684,0.632,0.78,0.566,0.719,0.664,0.859,0.452,0.581,0.666,0.82,0.297,,,,0.666,0.664,0.512,0.521,0.526,0.543,0.426,0.686,0.854,0.808,0.842,0.673,0.837,0.828,0.803,0.687,0.676,0.67,0.428,0.643,0.873,0.86,0.813,0.712,0.864,0.903,0.899,0.915,0.623,0.535,0.474,0.625,0.651,0.709,0.844,0.812,0.898,0.908,0.887,0.941,0.349,0.428,0.291,0.296,0.278,0.336,0.693,,0.791,0.877,0.606,0.847,0.637,0.853,0.727,0.401,0.536,0.491,0.761,0.39,0.764,0.766,0.767,0.838,0.789,0.879,0.306,0.474,0.344,0.326,0.339,0.379,0.296,0.515,0.409,0.259,0.465,0.221,0.196,0.255,0.498,0.671,0.587,0.481,0.748,0.835,0.656,0.846,0.682,0.697,0.777,0.83,0.848,0.572,0.358,0.471,0.177,0.351,0.472,0.486,0.68,0.578,0.588,0.424,0.462,0.454,0.505,0.332,0.292,0.425,0.399,0.757,0.439,0.572,0.557,0.57,0.603,0.698,0.768,0.433,0.358,0.569,0.499,0.328,0.61,0.4,0.516,0.539,,0.505,0.593,0.417,0.339,0.491,0.587,0.41,0.47,0.604,0.613,0.7,0.79,0.515,0.616,0.707,0.659,0.535,0.668,0.398,0.522,0.452,0.589,0.516,0.618,0.737,0.764,0.764,0.861,0.759,0.738,0.772,0.712,0.72,0.695,0.733,0.671,0.579,0.427,0.857,0.858,0.845,0.861,0.893,0.471,0.578,,,,,,,,,,,,,,,,,,,,,,,,,,,,,,,,,,,,,,,,,,,,,,,,,,,,,0.782,0.672,0.688,0.611,,,,,,,,,,,,,,,,,,,,,,,,,,,,,,,,,,,,,,,,,,,,,,,,,,,,0.747,,0.827,0.748,0.773,0.845,0.784,,,,,,,,,,,,,,,,,,,,,,,,,,,,,,,,,,,,,,,,,,,,,,,,,,,,,,,,,,,,,,,,,,,,,,,,,,,,,,,
2026-03-01,hle,0.039,0.035,0.039,0.048,0.103,0.059,0.117,0.04,0.096,,0.119,0.043,0.097,0.071,0.173,0.129,0.284,,0.367,,0.186,0.3,0.132,0.108,0.046,0.093,0.149,0.061,0.055,0.036,0.052,0.063,0.13,0.084,0.152,0.105,0.222,0.086,0.138,0.261,0.036,0.038,0.037,0.034,0.035,0.122,0.068,0.036,0.059,0.052,0.133,0.037,0.089,0.061,0.251,0.049,0.071,0.072,0.272,,,,0.033,0.046,0.046,0.039,0.029,0.028,0.033,0.04,0.058,0.265,0.184,0.235,0.054,0.256,0.197,0.146,0.05,0.082,0.076,0.041,0.052,0.265,0.234,0.169,0.073,0.249,0.354,0.335,0.399,0.053,0.036,0.037,0.064,0.046,0.066,0.211,0.141,0.347,0.372,0.276,0.447,0.048,0.047,0.052,0.044,0.049,0.051,0.051,,0.111,0.239,0.05,0.17,0.05,0.176,0.075,0.041,0.042,0.036,0.121,0.038,0.334,0.07,0.063,0.223,0.123,0.294,0.052,0.044,0.049,0.068,0.061,0.044,0.051,0.042,0.046,0.051,0.046,0.052,0.053,0.052,0.04,0.048,0.043,0.043,0.068,0.2,0.08,0.211,0.075,0.082,0.125,0.222,0.191,0.046,0.053,0.043,0.043,0.034,0.032,0.04,0.041,0.043,0.044,0.041,0.041,0.048,0.043,0.041,0.045,0.044,0.046,0.102,0.045,0.053,0.04,0.046,0.03,0.042,0.086,0.046,0.047,0.047,0.034,0.037,0.059,0.058,0.057,0.049,,0.036,0.082,0.038,0.048,0.042,0.045,0.042,0.042,0.043,0.047,0.117,0.15,0.046,0.066,0.098,0.068,0.043,0.083,0.037,0.051,0.028,0.042,0.04,0.044,0.093,0.111,0.093,0.262,0.117,0.073,0.101,0.063,0.087,0.064,0.096,0.063,0.033,0.029,0.234,0.222,0.197,0.188,0.273,0.073,0.079,,,,,,,,,,,,,,,,,,,,,,,,,,,,,,,,,,,,,,,,,,,,,,,,,,,,,0.185,0.052,0.098,0.051,,,,,,,,,,,,,,,,,,,,,,,,,,,,,,,,,,,,,,,,,,,,,,,,,,,,0.077,,0.2,0.087,0.123,,0.175,,,,,,,,,,,,,,,,,,,,,,,,,,,,,,,,,,,,,,,,,,,,,,,,,,,,,,,,,,,,,,,,,,,,,,,,,,,,,,,
2026-03-01,ifbench,0.361,0.428,,0.44,0.483,0.433,0.537,0.454,0.547,,0.554,0.42,0.543,0.427,0.573,0.43,0.58,,0.531,,0.446,0.566,0.412,0.424,0.365,0.39,0.396,0.276,0.229,0.348,0.41,0.378,0.415,0.412,0.57,0.49,0.607,0.431,0.541,0.639,0.381,0.299,0.346,0.312,0.391,0.441,0.376,0.286,0.342,0.367,0.434,0.279,0.301,0.546,0.679,0.463,0.608,0.552,0.723,,,,,0.43,0.383,0.32,0.36,,0.343,0.31,0.45,0.731,0.666,0.706,0.456,0.741,0.754,0.712,0.456,0.676,0.659,0.325,0.432,0.729,0.7,0.679,0.474,0.652,0.754,0.776,0.754,0.402,,0.315,0.499,0.418,0.526,0.487,0.551,0.78,0.704,0.497,0.771,0.367,0.318,0.283,0.279,,0.248,0.469,,0.459,0.537,0.377,0.505,0.365,0.527,0.414,,0.348,0.29,0.34,0.352,0.684,0.415,0.417,0.681,0.437,0.702,0.195,0.459,0.263,0.438,0.418,0.371,0.246,0.39,0.344,0.286,0.307,0.304,0.228,0.262,0.471,0.43,0.395,0.329,0.37,0.718,0.399,0.642,0.412,0.418,0.723,0.699,0.716,0.32,0.268,0.291,0.199,,0.316,0.312,0.362,0.393,0.398,,0.264,0.299,0.335,,,0.269,0.375,0.711,0.259,0.319,0.271,0.276,0.405,0.612,0.685,0.341,0.294,0.362,0.381,0.381,0.491,0.328,0.415,0.392,,0.345,0.388,,,0.369,,,0.239,0.405,0.366,0.387,0.512,0.319,0.415,0.507,0.331,0.315,0.363,,0.325,0.286,0.335,0.327,0.405,0.352,0.441,0.48,0.707,0.607,0.397,0.565,0.427,0.451,0.331,0.594,0.392,0.399,0.323,0.757,0.756,0.725,0.516,0.788,,,,,,,,,,,,,,,,,,,,,,,,,,,,,,,,,,,,,,,,,,,,,,,,,,,,,,,0.69,0.583,0.651,0.578,,,,,,,,,,,,,,,,,,,,,,,,,,,,,,,,,,,,,,,,,,,,,,,,,,,,0.703,,0.714,,0.671,,0.687,,,,,,,,,,,,,,,,,,,,,,,,,,,,,,,,,,,,,,,,,,,,,,,,,,,,,,,,,,,,,,,,,,,,,,,,,,,,,,,
2026-03-01,lcr,0.21,0.233,,0.483,0.607,0.36,0.337,0.443,0.647,,0.663,0.437,0.703,0.513,0.657,0.653,0.74,,0.707,,0.583,0.707,0.577,0.587,0.18,0.523,0.547,0.11,0.097,0.29,0.41,0.45,0.533,0.433,0.65,0.39,0.65,0.43,0.69,0.593,0.3,0.287,0.17,0.24,0.023,0.483,0.437,0.0,0.0,0.263,0.543,0.123,0.403,0.363,0.64,0.147,0.35,0.37,0.633,,,,,0.61,0.423,0.17,0.35,,0.0,,0.637,0.756,0.587,0.728,0.25,0.69,0.68,0.66,0.357,0.417,0.4,0.2,0.44,0.75,0.673,0.627,0.38,0.633,0.727,0.757,0.74,0.283,,0.313,0.513,0.48,0.59,0.66,0.48,0.663,0.707,0.673,0.727,0.067,0.057,0.057,0.0,,0.04,0.547,,0.503,0.68,0.2,0.647,0.22,0.68,0.483,,0.2,0.02,0.323,0.173,0.74,0.51,0.523,0.663,0.59,0.653,0.0,0.0,0.0,0.0,0.0,0.0,0.0,0.243,0.063,0.157,0.07,0.117,0.05,0.02,0.15,0.46,0.258,0.22,0.34,0.643,0.313,0.63,0.517,0.543,0.61,0.59,0.66,0.22,0.117,0.24,0.0,,0.017,0.053,0.347,0.28,0.197,,0.0,0.197,0.173,,,0.0,0.067,0.337,0.17,0.4,0.227,0.21,0.177,0.52,0.583,0.177,0.097,0.3,0.19,0.0,0.0,0.0,0.0,0.0,,0.103,0.25,,,0.203,,,0.0,0.0,0.0,0.0,0.67,0.0,0.0,0.59,0.227,0.0,0.0,,0.0,0.0,0.0,0.29,0.423,0.4,0.467,0.397,0.66,0.603,0.513,0.587,0.317,0.407,0.237,0.553,0.313,0.31,0.153,0.667,0.673,0.627,0.58,0.657,,,,,,,,,,,,,,,,,,,,,,,,,,,,,,,,,,,,,,,,,,,,,,,,,,,,,,,0.507,0.437,0.307,0.31,,,,,,,,,,,,,,,,,,,,,,,,,,,,,,,,,,,,,,,,,,,,,,,,,,,,0.593,,0.693,,0.393,,0.55,,,,,,,,,,,,,,,,,,,,,,,,,,,,,,,,,,,,,,,,,,,,,,,,,,,,,,,,,,,,,,,,,,,,,,,,,,,,,,,
2026-03-01,scicode,0.186,0.274,0.366,0.376,0.403,0.409,0.398,0.373,0.4,,0.409,0.344,0.433,0.428,0.447,0.47,0.495,,0.519,,0.457,0.468,0.469,0.441,0.281,0.357,0.403,0.312,0.376,0.354,0.358,0.367,0.391,0.321,0.406,0.387,0.389,0.399,0.377,0.44,0.331,0.294,0.243,0.288,0.315,0.348,0.306,0.188,0.221,0.331,0.384,0.272,0.304,0.354,0.451,0.255,0.337,0.383,0.462,,,,0.319,0.381,0.404,0.259,0.331,0.309,0.333,0.229,0.378,0.429,0.391,0.411,0.388,0.409,0.392,0.41,0.369,0.366,0.338,0.291,0.365,0.433,0.402,0.426,0.404,0.462,0.521,0.546,0.532,0.333,0.25,0.177,0.193,0.285,0.287,0.428,0.499,0.506,0.561,0.499,0.589,0.174,0.212,0.073,0.081,0.086,0.119,0.368,,0.406,0.457,0.329,0.442,0.296,0.442,0.362,0.231,0.346,0.277,0.391,0.188,0.366,0.345,0.307,0.424,0.396,0.49,0.025,0.109,0.068,0.023,0.042,0.189,0.119,0.299,0.267,0.132,0.233,0.112,0.017,0.052,0.26,0.331,0.17,0.238,0.348,0.383,0.259,0.394,0.378,0.374,0.361,0.407,0.426,0.236,0.144,0.208,0.024,0.208,0.271,0.292,0.362,0.331,0.338,0.241,0.236,0.265,0.264,0.188,0.028,0.133,0.23,0.296,0.176,0.262,0.209,0.22,0.24,0.333,0.368,0.139,0.094,0.279,0.208,0.08,0.286,0.103,0.212,0.167,,0.292,0.358,0.271,0.148,0.267,0.337,0.153,0.265,0.316,0.299,0.399,0.424,0.264,0.285,0.333,0.304,0.28,0.354,0.167,0.035,0.168,0.226,0.278,0.359,0.323,0.383,0.37,0.431,0.388,0.307,0.399,0.359,0.288,0.308,0.285,0.301,0.219,0.174,0.42,0.395,0.377,0.411,0.42,0.229,0.226,,,,,,,,,,,,,,,,,,,,,,,,,,,,,,,,,,,,,,,,,,,,,,,,,,,,,0.389,0.36,0.344,0.34,,,,,,,,,,,,,,,,,,,,,,,,,,,,,,,,,,,,,,,,,,,,,,,,,,,,0.358,,0.41,0.399,0.398,,0.465,,,,,,,,,,,,,,,,,,,,,,,,,,,,,,,,,,,,,,,,,,,,,,,,,,,,,,,,,,,,,,,,,,,,,,,,,,,,,,,
2026-03-01,terminalbench_hard,0.008,0.023,,0.212,0.212,,0.311,0.273,0.311,,0.343,0.273,0.273,0.288,0.356,0.409,0.47,,0.462,,0.485,0.53,0.462,0.424,0.008,0.061,0.159,0.015,,0.068,0.152,0.242,0.25,0.318,0.303,0.326,0.356,0.25,0.311,0.348,0.189,0.091,0.061,0.167,0.061,0.22,0.205,0.068,0.053,0.288,0.25,0.03,0.144,0.303,0.318,0.038,0.22,0.394,0.432,,,,,0.136,0.076,0.038,0.083,,0.083,,0.129,0.326,0.265,0.379,0.182,0.379,0.333,0.288,0.144,0.121,0.174,0.068,0.227,0.455,0.348,0.333,0.318,0.432,0.47,0.371,0.53,0.038,,0.023,0.045,0.076,0.129,0.265,0.318,0.386,0.417,0.341,0.538,0.008,0.038,0.008,0.023,,0.015,0.114,,0.174,0.379,0.121,0.189,0.144,0.242,0.174,,0.098,0.0,0.091,0.023,0.091,0.159,0.235,0.311,0.189,0.348,0.008,0.0,0.0,0.0,0.0,0.008,0.0,0.068,0.03,0.008,0.045,0.008,0.0,,0.03,0.068,0.015,0.038,0.053,0.311,0.258,0.28,0.023,0.03,0.258,0.288,0.348,0.045,0.0,0.045,,,,0.061,0.159,0.038,0.106,,,0.076,0.068,,,0.0,0.121,0.136,0.0,0.045,0.008,0.015,0.068,0.038,0.174,0.008,0.015,0.068,0.061,0.0,0.015,0.0,0.008,0.0,,,,,,0.045,,,0.053,0.038,0.061,0.061,0.136,0.068,0.023,0.053,0.061,,0.03,,,0.023,0.023,0.152,0.189,0.182,0.205,0.197,0.242,0.098,0.076,0.114,0.068,0.053,0.061,0.076,0.083,0.038,0.023,0.311,0.326,0.265,0.356,0.409,,,,,,,,,,,,,,,,,,,,,,,,,,,,,,,,,,,,,,,,,,,,,,,,,,,,,,,0.235,0.053,0.106,0.045,,,,,,,,,,,,,,,,,,,,,,,,,,,,,,,,,,,,,,,,,,,,,,,,,,,,0.129,,0.371,0.068,0.061,,0.152,,,,,,,,,,,,,,,,,,,,,,,,,,,,,,,,,,,,,,,,,,,,,,,,,,,,,,,,,,,,,,,,,,,,,,,,,,,,,,,
2026-03-02,aa_omniscience_accuracy,0.172,0.13,,0.283,0.28,,0.0,0.224,0.223,,0.0,0.137,0.174,0.275,0.324,0.407,0.457,,0.464,,0.452,0.4,0.38,0.361,0.157,0.307,0.309,,,0.254,0.222,0.231,0.288,0.234,0.279,0.242,0.335,0.227,0.282,,0.21,0.191,0.147,0.153,0.187,0.249,0.155,0.179,,0.208,0.273,0.175,0.156,0.239,0.293,0.12,0.159,0.227,0.269,,,,,0.242,0.175,,0.237,,0.197,,,0.406,0.374,0.389,0.281,0.387,0.239,0.222,0.182,0.183,0.161,,0.291,0.376,0.392,0.227,0.293,0.377,0.438,0.407,0.518,0.236,,,0.175,0.143,0.18,0.39,0.455,0.54,0.559,0.471,0.552,,0.125,0.078,0.077,,0.09,0.283,,0.154,0.414,0.159,0.226,0.17,0.253,0.238,,0.263,,0.192,,0.175,0.268,0.254,0.3,0.229,0.343,0.052,0.064,0.068,,,,0.098,,,0.081,0.165,,0.069,,0.179,0.243,0.145,0.122,0.169,0.202,0.152,0.249,,0.211,0.22,0.205,0.262,0.123,,,,,,0.201,0.241,0.183,0.198,,,0.15,0.147,,,,0.114,0.171,,,,0.113,0.135,0.159,0.183,0.097,,0.191,0.17,,,,,0.113,,,,,,,,,0.127,0.149,0.182,0.184,0.231,0.117,0.161,0.162,0.151,,0.173,,,,,0.158,0.147,0.158,0.244,0.243,0.299,0.174,0.176,0.208,0.202,0.169,0.155,0.168,0.149,0.201,0.202,0.247,0.21,0.204,0.243,0.314,,,,,,,,,,,,,,,,,,,,,,,,,,,,,,,,,,,,,,,,,,,,,,,,,,,,,,,0.215,0.157,0.155,0.142,,,,,,,,,,,,,,,,,,,,,,,,,,,,,,,,,,,,,,,,,,,,,,,,,,,,0.347,,0.384,,0.21,,0.246,,,,,,,,,,,,,,,,,,,,,,,,,,,,,,,,,,,,,,,,,,,,,,,,,,,,,,,,,,,,,,,,,,,,,,,,,,,,,,,
2026-03-02,aa_omniscience_non_hallucination_rate,0.218,0.585,,0.477,0.615,,1.0,0.592,0.715,,1.0,0.753,0.738,0.493,0.526,0.246,0.402,,0.387,,0.24,0.539,0.341,0.404,0.238,0.105,0.16,,,0.106,0.233,0.165,0.197,0.147,0.275,0.065,0.183,0.097,0.189,,0.149,0.374,0.229,0.149,0.329,0.328,0.077,0.13,,0.339,0.05,0.329,0.501,0.077,0.097,0.157,0.105,0.561,0.66,,,,,0.204,0.18,,0.405,,0.621,,,0.179,0.242,0.199,0.138,0.259,0.459,0.576,0.116,0.437,0.512,,0.098,0.487,0.256,0.492,0.392,0.394,0.203,0.272,0.131,0.135,,,0.246,0.336,0.132,0.126,0.098,0.078,0.091,0.151,0.501,,0.105,0.012,0.044,,0.045,0.154,,0.746,0.358,0.218,0.34,0.182,0.276,0.215,,0.196,,0.13,,0.334,0.258,0.304,0.278,0.521,0.354,0.395,0.3,0.12,,,,0.12,,,0.582,0.312,,0.332,,0.149,0.127,0.217,0.341,0.245,0.516,0.249,0.089,,0.132,0.116,0.33,0.107,0.098,,,,,,0.322,0.163,0.391,0.187,,,0.232,0.237,,,,0.091,0.171,,,,0.39,0.161,0.204,0.096,0.444,,0.315,0.221,,,,,0.296,,,,,,,,,0.082,0.245,0.13,0.228,0.108,0.132,0.197,0.127,0.046,,0.18,,,,,0.208,0.567,0.091,0.106,0.143,0.082,0.178,0.068,0.175,0.113,0.108,0.071,0.196,0.088,0.093,0.096,0.145,0.203,0.16,0.202,0.109,,,,,,,,,,,,,,,,,,,,,,,,,,,,,,,,,,,,,,,,,,,,,,,,,,,,,,,0.088,0.219,0.059,0.134,,,,,,,,,,,,,,,,,,,,,,,,,,,,,,,,,,,,,,,,,,,,,,,,,,,,0.307,,0.129,,0.21,,0.199,,,,,,,,,,,,,,,,,,,,,,,,,,,,,,,,,,,,,,,,,,,,,,,,,,,,,,,,,,,,,,,,,,,,,,,,,,,,,,,
2026-03-02,artificial_analysis_agentic_index,7.0,17.7,,35.7,37.0,,,39.2,43.0,,,32.6,40.2,50.6,51.7,59.2,59.6,,67.6,,64.2,63.0,61.6,57.5,5.1,3.8,20.8,,,8.8,16.3,31.9,18.9,28.6,29.8,39.8,52.9,31.0,28.7,0.0,21.9,15.8,14.3,20.8,0.0,16.2,21.0,9.2,10.9,42.9,41.6,18.7,17.5,54.3,55.0,41.4,46.0,60.3,63.1,,,,,27.3,25.1,5.8,9.7,,8.4,,,54.6,49.7,45.8,22.9,52.7,45.5,40.9,13.4,23.3,16.8,8.6,32.2,51.3,50.7,38.7,39.5,54.9,60.2,56.5,62.2,15.8,,6.3,6.1,10.1,11.7,32.7,35.0,49.7,52.0,45.0,59.1,3.6,3.5,1.7,1.7,,4.2,24.6,,31.1,41.5,31.9,39.5,33.0,49.3,35.6,,11.8,10.0,19.8,4.5,41.7,24.3,37.7,47.9,52.8,58.9,4.5,3.7,3.5,3.6,6.5,0.0,0.0,6.3,5.1,5.5,7.7,4.9,0.0,,9.1,7.2,5.2,8.4,9.4,48.8,47.3,52.1,,29.1,47.5,47.4,55.6,17.4,11.4,16.7,,,,10.2,21.7,13.7,25.3,,,8.4,9.8,,,0.0,8.5,19.1,6.4,7.1,7.8,9.4,21.1,27.8,32.9,5.8,4.7,16.4,4.7,,0.0,4.2,0.0,7.1,,,,,,,,,13.6,14.4,19.2,18.4,29.7,7.4,12.1,17.7,7.1,,13.4,,,11.6,12.6,21.1,18.3,42.1,43.0,23.3,50.1,23.6,14.2,27.0,19.1,14.9,9.5,23.4,9.8,15.6,18.4,53.0,54.6,44.1,53.3,55.8,,,,,,,,,,,,,,,,,,,,,,,,,,,,,,,,,,,,,,,,,,,,,,,,,,,,,,,37.9,28.0,27.6,21.9,,,,,,,,,,,,,,,,,,,,,,,,,,,,,,,,,,,,,,,,,,,,,,,,,,,,31.1,,36.1,,20.9,,36.1,,,,,,,,,,,,,,,,,,,,,,,,,,,,,,,,,,,,,,,,,,,,,,,,,,,,,,,,,,,,,,,,,,,,,,,,,,,,,,,
2026-03-02,artificial_analysis_coding_index,6.7,10.7,30.2,26.7,27.6,,34.0,30.6,34.1,,36.5,29.6,32.6,33.5,38.6,42.9,47.8,,48.1,,47.6,50.9,46.4,43.0,9.9,15.9,24.0,11.4,,16.4,22.0,28.4,29.7,31.9,33.7,34.6,36.7,30.0,33.3,37.9,23.7,15.9,12.1,20.7,14.5,26.3,23.8,10.8,10.9,30.2,29.5,11.1,19.7,32.0,36.3,11.0,25.9,39.0,44.2,10.7,,13.1,21.5,21.8,18.5,11.2,16.6,24.2,16.7,,21.2,36.0,30.7,39.0,25.1,38.9,35.3,32.9,21.9,20.3,22.9,14.2,27.3,44.7,36.6,36.4,34.7,44.2,48.7,43.0,53.1,13.6,,7.4,9.5,14.5,18.1,31.9,37.8,42.6,46.5,39.4,55.5,6.3,9.6,2.9,4.2,,5.0,19.8,,25.2,40.5,19.0,27.4,19.5,30.9,23.7,,18.1,9.2,19.1,7.8,18.3,22.1,25.9,34.8,25.8,39.5,1.4,3.6,2.3,0.8,1.4,6.8,4.0,14.5,10.9,4.9,10.8,4.3,0.6,,10.7,15.6,6.7,10.5,15.2,33.5,25.8,31.8,14.1,14.5,29.2,32.8,37.4,10.9,4.8,10.0,,,,13.8,22.7,13.6,18.3,,,13.9,13.3,,,4.4,15.8,19.0,5.9,11.8,7.5,8.3,12.5,13.6,23.9,5.1,4.1,13.8,11.0,2.7,10.5,3.4,7.6,5.6,,,,,,11.9,,,12.4,13.1,14.0,17.4,23.2,13.3,11.0,14.7,14.2,,13.8,,,7.1,9.0,19.4,24.6,22.9,26.4,25.5,30.5,19.5,15.3,20.9,16.5,13.1,14.3,14.5,15.6,9.8,7.3,34.7,34.9,30.3,37.4,41.3,,,,,,,,,,,,,,,,,,,,,,,,,,,,,,,,,,,,,,,,,,,,,,,,,,,,,,,28.6,15.5,18.5,14.4,,,,,,,,,,,,,,,,,,,,,,,,,,,,,,,,,,,,,,,,,,,,,,,,,,,,20.5,,38.4,17.9,17.3,,25.6,,,,,,,,,,,,,,,,,,,,,,,,,,,,,,,,,,,,,,,,,,,,,,,,,,,,,,,,,,,,,,,,,,,,,,,,,,,,,,,
2026-03-02,artificial_analysis_intelligence_index,12.3,18.7,,30.8,34.7,,,33.0,38.7,,,31.1,37.1,37.1,43.0,43.1,49.7,,53.0,,46.5,51.7,44.4,42.6,13.5,18.8,27.1,,,16.5,22.3,28.1,27.7,28.5,33.9,32.1,41.7,28.4,32.9,,22.0,18.7,15.2,19.5,15.0,26.4,23.2,12.7,,30.2,32.5,17.1,23.4,34.2,42.1,22.1,30.1,40.6,49.8,,,,,26.3,22.9,,18.6,,17.3,,,44.6,39.2,42.0,23.9,44.6,41.2,38.9,20.7,26.8,25.9,,27.4,47.7,43.1,38.6,33.6,46.6,51.3,49.0,54.0,18.5,,,17.6,19.4,21.6,34.6,35.0,46.4,48.4,41.3,57.2,,10.3,6.3,6.4,,7.7,25.2,,32.1,41.5,23.1,35.1,23.6,38.6,28.7,,17.6,,22.2,,36.0,26.3,30.9,40.9,37.3,46.8,8.0,10.5,7.0,,,,6.4,,,11.8,13.4,,6.3,,14.5,18.4,13.5,14.6,18.7,41.5,30.4,39.2,,24.4,36.1,39.4,41.9,16.0,,,,,,15.1,22.8,18.8,21.3,,,14.5,15.1,,,,13.2,24.3,,,,14.8,18.0,24.6,29.7,12.7,,19.0,13.5,,,,,12.2,,,,,,,,,12.8,16.2,17.0,19.8,29.5,12.5,15.3,22.4,15.0,,16.5,,,,,20.0,24.8,28.3,31.4,26.1,39.9,26.7,20.1,27.6,20.8,19.7,16.1,24.7,17.2,16.7,14.3,41.6,42.1,37.1,40.1,45.0,,,,,,,,,,,,,,,,,,,,,,,,,,,,,,,,,,,,,,,,,,,,,,,,,,,,,,,33.3,24.5,24.5,20.8,,,,,,,,,,,,,,,,,,,,,,,,,,,,,,,,,,,,,,,,,,,,,,,,,,,,30.8,,38.4,,25.2,,33.1,,,,,,,,,,,,,,,,,,,,,,,,,,,,,,,,,,,,,,,,,,,,,,,,,,,,,,,,,,,,,,,,,,,,,,,,,,,,,,,
2026-03-02,critpt,0.0,0.0,,0.0,0.009,,,0.011,0.003,,0.0,0.0,0.0,0.0,0.011,0.003,0.046,,0.126,,0.028,0.031,0.009,0.009,0.0,0.006,0.014,0.0,,0.0,0.0,0.0,0.02,0.0,0.017,0.009,0.029,0.014,0.014,0.074,0.0,0.0,0.0,0.0,0.0,0.0,0.0,0.0,0.0,0.0,0.011,0.0,0.0,0.0,0.017,0.0,0.003,0.0,0.02,,,,,0.0,0.0,0.0,0.0,,0.0,,,0.057,0.011,0.0,0.0,0.051,0.0,0.014,0.0,0.0,0.0,0.0,0.0,0.049,0.057,0.0,0.006,0.079,0.116,0.087,0.169,0.0,,0.0,0.0,0.0,0.0,0.026,0.014,0.086,0.091,0.0,0.177,0.0,0.0,0.0,0.0,,0.0,0.0,,0.006,0.02,0.0,0.029,0.0,0.029,0.0,,0.0,0.0,0.003,0.0,0.0,0.0,0.0,0.026,0.006,0.031,0.0,0.0,0.0,0.0,0.0,0.0,0.0,0.0,0.0,0.0,0.0,0.0,0.0,,0.0,0.0,0.0,0.0,0.0,0.029,0.0,0.043,,0.0,0.009,0.003,0.011,0.0,0.0,0.0,0.0,,,0.0,0.0,0.0,0.0,,,0.0,0.0,,,0.0,0.0,0.009,0.0,0.0,0.0,0.0,0.0,0.0,0.0,0.0,0.0,0.0,0.0,,0.0,0.0,0.0,0.0,,,,,,0.0,,,0.0,0.0,0.0,0.0,0.0,0.0,0.0,0.003,0.0,,0.003,,,0.0,0.0,0.0,0.0,0.0,0.0,0.009,0.017,0.0,0.0,0.0,0.0,0.0,0.0,0.0,0.0,0.003,0.0,0.006,0.009,0.009,0.009,0.017,,,,,,,,,,,,,,,,,,,,,,,,,,,,,,,,,,,,,,,,,,,,,,,,,,,,,,,0.011,0.0,0.014,0.0,,,,,,,,,,,,,,,,,,,,,,,,,,,,,,,,,,,,,,,,,,,,,,,,,,,,0.003,,0.011,,0.003,,0.006,,,,,,,,,,,,,,,,,,,,,,,,,,,,,,,,,,,,,,,,,,,,,,,,,,,,,,,,,,,,,,,,,,,,,,,,,,,,,,,
2026-03-02,gdpval_aa,0.0,0.129,,0.284,0.283,,,0.336,0.328,,,0.333,0.336,0.41,0.388,0.458,0.45,,0.553,,0.539,0.566,0.527,0.47,0.0,0.0,0.107,,,0.0,0.0,0.308,0.069,0.246,0.261,0.194,0.348,0.304,0.261,0.0,0.195,0.118,0.052,0.183,,0.009,0.053,0.005,0.03,0.255,0.271,0.118,0.075,0.352,0.353,0.167,0.188,0.42,0.457,,,,,0.156,0.08,0.0,0.0,,0.0,,,0.403,0.328,0.255,0.0,0.359,0.349,0.262,0.011,0.146,0.073,0.0,0.25,0.367,0.347,0.269,0.367,0.46,0.481,0.394,0.48,0.059,,0.0,0.0,0.0,0.0,0.214,0.312,0.346,0.351,0.339,0.405,0.0,0.0,0.0,0.0,,0.0,0.1,,0.0,0.243,0.152,0.264,0.158,0.275,0.139,,0.029,0.039,0.148,0.0,0.173,0.034,0.195,0.256,0.394,0.393,0.0,0.0,0.0,0.0,0.0,,,0.0,0.0,0.0,0.0,,,,0.0,0.0,0.0,0.0,0.0,0.268,0.294,0.306,,0.264,0.277,0.293,0.356,0.097,0.019,0.094,,,,0.0,0.195,0.069,0.162,,,0.0,0.0,,,0.0,0.0,0.057,0.0,0.0,0.0,0.0,0.0,0.024,0.091,0.0,0.0,0.027,0.0,,,0.0,,0.0,,,,,,,,,0.01,0.015,0.142,0.14,0.17,0.0,0.023,0.104,0.028,,0.022,,,0.013,0.025,0.128,0.027,0.223,0.279,0.173,0.325,0.131,0.08,0.125,0.089,0.103,0.02,0.102,0.0,0.101,0.11,0.318,0.353,0.216,0.38,0.354,,,,,,,,,,,,,,,,,,,,,,,,,,,,,,,,,,,,,,,,,,,,,,,,,,,,,,,0.234,0.182,0.096,0.05,,,,,,,,,,,,,,,,,,,,,,,,,,,,,,,,,,,,,,,,,,,,,,,,,,,,0.134,,0.129,,0.141,,0.257,,,,,,,,,,,,,,,,,,,,,,,,,,,,,,,,,,,,,,,,,,,,,,,,,,,,,,,,,,,,,,,,,,,,,,,,,,,,,,,
2026-03-02,gpqa,0.374,0.408,0.599,0.656,0.772,0.701,0.796,0.683,0.777,,0.809,0.646,0.672,0.727,0.834,0.81,0.866,,0.896,,0.84,0.875,0.799,0.797,0.527,0.708,0.813,0.402,0.615,0.557,0.655,0.735,0.779,0.751,0.792,0.751,0.84,0.738,0.797,0.871,0.594,0.492,0.414,0.532,0.811,0.782,0.733,0.573,0.684,0.632,0.78,0.566,0.719,0.664,0.859,0.452,0.581,0.666,0.82,0.297,,,,0.666,0.664,0.512,0.521,0.526,0.543,0.426,0.686,0.854,0.808,0.842,0.673,0.837,0.828,0.803,0.687,0.676,0.67,0.428,0.643,0.873,0.86,0.813,0.712,0.864,0.903,0.899,0.915,0.623,0.535,0.474,0.625,0.651,0.709,0.844,0.812,0.898,0.908,0.887,0.941,0.349,0.428,0.291,0.296,0.278,0.336,0.693,,0.791,0.877,0.606,0.847,0.637,0.853,0.727,0.401,0.536,0.491,0.761,0.39,0.764,0.766,0.767,0.838,0.789,0.879,0.306,0.474,0.344,0.326,0.339,0.379,0.296,0.515,0.409,0.259,0.465,0.221,0.196,0.255,0.498,0.671,0.587,0.481,0.748,0.835,0.656,0.846,0.682,0.697,0.777,0.83,0.848,0.572,0.358,0.471,0.177,0.351,0.472,0.486,0.68,0.578,0.588,0.424,0.462,0.454,0.505,0.332,0.292,0.425,0.399,0.757,0.439,0.572,0.557,0.57,0.603,0.698,0.768,0.433,0.358,0.569,0.499,0.328,0.61,0.4,0.516,0.539,,0.505,0.593,0.417,0.339,0.491,0.587,0.41,0.47,0.604,0.613,0.7,0.79,0.515,0.616,0.707,0.659,0.535,0.668,0.398,0.522,0.452,0.589,0.516,0.618,0.737,0.764,0.764,0.861,0.759,0.738,0.772,0.712,0.72,0.695,0.733,0.671,0.579,0.427,0.857,0.858,0.845,0.861,0.893,0.471,0.578,,,,,,,,,,,,,,,,,,,,,,,,,,,,,,,,,,,,,,,,,,,,,,,,,,,,,0.782,0.672,0.688,0.611,,,,,,,,,,,,,,,,,,,,,,,,,,,,,,,,,,,,,,,,,,,,,,,,,,,,0.747,,0.827,0.748,0.773,0.845,0.784,,,,,,,,,,,,,,,,,,,,,,,,,,,,,,,,,,,,,,,,,,,,,,,,,,,,,,,,,,,,,,,,,,,,,,,,,,,,,,,
2026-03-02,hle,0.039,0.035,0.039,0.048,0.103,0.059,0.117,0.04,0.096,,0.119,0.043,0.097,0.071,0.173,0.129,0.284,,0.367,,0.186,0.3,0.132,0.108,0.046,0.093,0.149,0.061,0.055,0.036,0.052,0.063,0.13,0.084,0.152,0.105,0.222,0.086,0.138,0.261,0.036,0.038,0.037,0.034,0.035,0.122,0.068,0.036,0.059,0.052,0.133,0.037,0.089,0.061,0.251,0.049,0.071,0.072,0.272,,,,0.033,0.046,0.046,0.039,0.029,0.028,0.033,0.04,0.058,0.265,0.184,0.235,0.054,0.256,0.197,0.146,0.05,0.082,0.076,0.041,0.052,0.265,0.234,0.169,0.073,0.249,0.354,0.335,0.399,0.053,0.036,0.037,0.064,0.046,0.066,0.211,0.141,0.347,0.372,0.276,0.447,0.048,0.047,0.052,0.044,0.049,0.051,0.051,,0.111,0.239,0.05,0.17,0.05,0.176,0.075,0.041,0.042,0.036,0.121,0.038,0.334,0.07,0.063,0.223,0.123,0.294,0.052,0.044,0.049,0.068,0.061,0.044,0.051,0.042,0.046,0.051,0.046,0.052,0.053,0.052,0.04,0.048,0.043,0.043,0.068,0.2,0.08,0.211,0.075,0.082,0.125,0.222,0.191,0.046,0.053,0.043,0.043,0.034,0.032,0.04,0.041,0.043,0.044,0.041,0.041,0.048,0.043,0.041,0.045,0.044,0.046,0.102,0.045,0.053,0.04,0.046,0.03,0.042,0.086,0.046,0.047,0.047,0.034,0.037,0.059,0.058,0.057,0.049,,0.036,0.082,0.038,0.048,0.042,0.045,0.042,0.042,0.043,0.047,0.117,0.15,0.046,0.066,0.098,0.068,0.043,0.083,0.037,0.051,0.028,0.042,0.04,0.044,0.093,0.111,0.093,0.262,0.117,0.073,0.101,0.063,0.087,0.064,0.096,0.063,0.033,0.029,0.234,0.222,0.197,0.188,0.273,0.073,0.079,,,,,,,,,,,,,,,,,,,,,,,,,,,,,,,,,,,,,,,,,,,,,,,,,,,,,0.185,0.052,0.098,0.051,,,,,,,,,,,,,,,,,,,,,,,,,,,,,,,,,,,,,,,,,,,,,,,,,,,,0.077,,0.2,0.087,0.123,,0.175,,,,,,,,,,,,,,,,,,,,,,,,,,,,,,,,,,,,,,,,,,,,,,,,,,,,,,,,,,,,,,,,,,,,,,,,,,,,,,,
2026-03-02,ifbench,0.361,0.428,,0.44,0.483,0.433,0.537,0.454,0.547,,0.554,0.42,0.543,0.427,0.573,0.43,0.58,,0.531,,0.446,0.566,0.412,0.424,0.365,0.39,0.396,0.276,0.229,0.348,0.41,0.378,0.415,0.412,0.57,0.49,0.607,0.431,0.541,0.639,0.381,0.299,0.346,0.312,0.391,0.441,0.376,0.286,0.342,0.367,0.434,0.279,0.301,0.546,0.679,0.463,0.608,0.552,0.723,,,,,0.43,0.383,0.32,0.36,,0.343,0.31,0.45,0.731,0.666,0.706,0.456,0.741,0.754,0.712,0.456,0.676,0.659,0.325,0.432,0.729,0.7,0.679,0.474,0.652,0.754,0.776,0.754,0.402,,0.315,0.499,0.418,0.526,0.487,0.551,0.78,0.704,0.497,0.771,0.367,0.318,0.283,0.279,,0.248,0.469,,0.459,0.537,0.377,0.505,0.365,0.527,0.414,,0.348,0.29,0.34,0.352,0.684,0.415,0.417,0.681,0.437,0.702,0.195,0.459,0.263,0.438,0.418,0.371,0.246,0.39,0.344,0.286,0.307,0.304,0.228,0.262,0.471,0.43,0.395,0.329,0.37,0.718,0.399,0.642,0.412,0.418,0.723,0.699,0.716,0.32,0.268,0.291,0.199,,0.316,0.312,0.362,0.393,0.398,,0.264,0.299,0.335,,,0.269,0.375,0.711,0.259,0.319,0.271,0.276,0.405,0.612,0.685,0.341,0.294,0.362,0.381,0.381,0.491,0.328,0.415,0.392,,0.345,0.388,,,0.369,,,0.239,0.405,0.366,0.387,0.512,0.319,0.415,0.507,0.331,0.315,0.363,,0.325,0.286,0.335,0.327,0.405,0.352,0.441,0.48,0.707,0.607,0.397,0.565,0.427,0.451,0.331,0.594,0.392,0.399,0.323,0.757,0.756,0.725,0.516,0.788,,,,,,,,,,,,,,,,,,,,,,,,,,,,,,,,,,,,,,,,,,,,,,,,,,,,,,,0.69,0.583,0.651,0.578,,,,,,,,,,,,,,,,,,,,,,,,,,,,,,,,,,,,,,,,,,,,,,,,,,,,0.703,,0.714,,0.671,,0.687,,,,,,,,,,,,,,,,,,,,,,,,,,,,,,,,,,,,,,,,,,,,,,,,,,,,,,,,,,,,,,,,,,,,,,,,,,,,,,,
2026-03-02,lcr,0.21,0.233,,0.483,0.607,0.36,0.337,0.443,0.647,,0.663,0.437,0.703,0.513,0.657,0.653,0.74,,0.707,,0.583,0.707,0.577,0.587,0.18,0.523,0.547,0.11,0.097,0.29,0.41,0.45,0.533,0.433,0.65,0.39,0.65,0.43,0.69,0.593,0.3,0.287,0.17,0.24,0.023,0.483,0.437,0.0,0.0,0.263,0.543,0.123,0.403,0.363,0.64,0.147,0.35,0.37,0.633,,,,,0.61,0.423,0.17,0.35,,0.0,,0.637,0.756,0.587,0.728,0.25,0.69,0.68,0.66,0.357,0.417,0.4,0.2,0.44,0.75,0.673,0.627,0.38,0.633,0.727,0.757,0.74,0.283,,0.313,0.513,0.48,0.59,0.66,0.48,0.663,0.707,0.673,0.727,0.067,0.057,0.057,0.0,,0.04,0.547,,0.503,0.68,0.2,0.647,0.22,0.68,0.483,,0.2,0.02,0.323,0.173,0.74,0.51,0.523,0.663,0.59,0.653,0.0,0.0,0.0,0.0,0.0,0.0,0.0,0.243,0.063,0.157,0.07,0.117,0.05,0.02,0.15,0.46,0.258,0.22,0.34,0.643,0.313,0.63,0.517,0.543,0.61,0.59,0.66,0.22,0.117,0.24,0.0,,0.017,0.053,0.347,0.28,0.197,,0.0,0.197,0.173,,,0.0,0.067,0.337,0.17,0.4,0.227,0.21,0.177,0.52,0.583,0.177,0.097,0.3,0.19,0.0,0.0,0.0,0.0,0.0,,0.103,0.25,,,0.203,,,0.0,0.0,0.0,0.0,0.67,0.0,0.0,0.59,0.227,0.0,0.0,,0.0,0.0,0.0,0.29,0.423,0.4,0.467,0.397,0.66,0.603,0.513,0.587,0.317,0.407,0.237,0.553,0.313,0.31,0.153,0.667,0.673,0.627,0.58,0.657,,,,,,,,,,,,,,,,,,,,,,,,,,,,,,,,,,,,,,,,,,,,,,,,,,,,,,,0.507,0.437,0.307,0.31,,,,,,,,,,,,,,,,,,,,,,,,,,,,,,,,,,,,,,,,,,,,,,,,,,,,0.593,,0.693,,0.393,,0.55,,,,,,,,,,,,,,,,,,,,,,,,,,,,,,,,,,,,,,,,,,,,,,,,,,,,,,,,,,,,,,,,,,,,,,,,,,,,,,,
2026-03-02,scicode,0.186,0.274,0.366,0.376,0.403,0.409,0.398,0.373,0.4,,0.409,0.344,0.433,0.428,0.447,0.47,0.495,,0.519,,0.457,0.468,0.469,0.441,0.281,0.357,0.403,0.312,0.376,0.354,0.358,0.367,0.391,0.321,0.406,0.387,0.389,0.399,0.377,0.44,0.331,0.294,0.243,0.288,0.315,0.348,0.306,0.188,0.221,0.331,0.384,0.272,0.304,0.354,0.451,0.255,0.337,0.383,0.462,,,,0.319,0.381,0.404,0.259,0.331,0.309,0.333,0.229,0.378,0.429,0.391,0.411,0.388,0.409,0.392,0.41,0.369,0.366,0.338,0.291,0.365,0.433,0.402,0.426,0.404,0.462,0.521,0.546,0.532,0.333,0.25,0.177,0.193,0.285,0.287,0.428,0.499,0.506,0.561,0.499,0.589,0.174,0.212,0.073,0.081,0.086,0.119,0.368,,0.406,0.457,0.329,0.442,0.296,0.442,0.362,0.231,0.346,0.277,0.391,0.188,0.366,0.345,0.307,0.424,0.396,0.49,0.025,0.109,0.068,0.023,0.042,0.189,0.119,0.299,0.267,0.132,0.233,0.112,0.017,0.052,0.26,0.331,0.17,0.238,0.348,0.383,0.259,0.394,0.378,0.374,0.361,0.407,0.426,0.236,0.144,0.208,0.024,0.208,0.271,0.292,0.362,0.331,0.338,0.241,0.236,0.265,0.264,0.188,0.028,0.133,0.23,0.296,0.176,0.262,0.209,0.22,0.24,0.333,0.368,0.139,0.094,0.279,0.208,0.08,0.286,0.103,0.212,0.167,,0.292,0.358,0.271,0.148,0.267,0.337,0.153,0.265,0.316,0.299,0.399,0.424,0.264,0.285,0.333,0.304,0.28,0.354,0.167,0.035,0.168,0.226,0.278,0.359,0.323,0.383,0.37,0.431,0.388,0.307,0.399,0.359,0.288,0.308,0.285,0.301,0.219,0.174,0.42,0.395,0.377,0.411,0.42,0.229,0.226,,,,,,,,,,,,,,,,,,,,,,,,,,,,,,,,,,,,,,,,,,,,,,,,,,,,,0.389,0.36,0.344,0.34,,,,,,,,,,,,,,,,,,,,,,,,,,,,,,,,,,,,,,,,,,,,,,,,,,,,0.358,,0.41,0.399,0.398,,0.465,,,,,,,,,,,,,,,,,,,,,,,,,,,,,,,,,,,,,,,,,,,,,,,,,,,,,,,,,,,,,,,,,,,,,,,,,,,,,,,
2026-03-02,terminalbench_hard,0.008,0.023,,0.212,0.212,,0.311,0.273,0.311,,0.343,0.273,0.273,0.288,0.356,0.409,0.47,,0.462,,0.485,0.53,0.462,0.424,0.008,0.061,0.159,0.015,,0.068,0.152,0.242,0.25,0.318,0.303,0.326,0.356,0.25,0.311,0.348,0.189,0.091,0.061,0.167,0.061,0.22,0.205,0.068,0.053,0.288,0.25,0.03,0.144,0.303,0.318,0.038,0.22,0.394,0.432,,,,,0.136,0.076,0.038,0.083,,0.083,,0.129,0.326,0.265,0.379,0.182,0.379,0.333,0.288,0.144,0.121,0.174,0.068,0.227,0.455,0.348,0.333,0.318,0.432,0.47,0.371,0.53,0.038,,0.023,0.045,0.076,0.129,0.265,0.318,0.386,0.417,0.341,0.538,0.008,0.038,0.008,0.023,,0.015,0.114,,0.174,0.379,0.121,0.189,0.144,0.242,0.174,,0.098,0.0,0.091,0.023,0.091,0.159,0.235,0.311,0.189,0.348,0.008,0.0,0.0,0.0,0.0,0.008,0.0,0.068,0.03,0.008,0.045,0.008,0.0,,0.03,0.068,0.015,0.038,0.053,0.311,0.258,0.28,0.023,0.03,0.258,0.288,0.348,0.045,0.0,0.045,,,,0.061,0.159,0.038,0.106,,,0.076,0.068,,,0.0,0.121,0.136,0.0,0.045,0.008,0.015,0.068,0.038,0.174,0.008,0.015,0.068,0.061,0.0,0.015,0.0,0.008,0.0,,,,,,0.045,,,0.053,0.038,0.061,0.061,0.136,0.068,0.023,0.053,0.061,,0.03,,,0.023,0.023,0.152,0.189,0.182,0.205,0.197,0.242,0.098,0.076,0.114,0.068,0.053,0.061,0.076,0.083,0.038,0.023,0.311,0.326,0.265,0.356,0.409,,,,,,,,,,,,,,,,,,,,,,,,,,,,,,,,,,,,,,,,,,,,,,,,,,,,,,,0.235,0.053,0.106,0.045,,,,,,,,,,,,,,,,,,,,,,,,,,,,,,,,,,,,,,,,,,,,,,,,,,,,0.129,,0.371,0.068,0.061,,0.152,,,,,,,,,,,,,,,,,,,,,,,,,,,,,,,,,,,,,,,,,,,,,,,,,,,,,,,,,,,,,,,,,,,,,,,,,,,,,,,
